DROP TABLE IF EXISTS `hotelminatest`.`checkingoutroomdamaged`, `hotelminatest`.`dailyworking`, `hotelminatest`.`datework`, `hotelminatest`.`detailservices`, `hotelminatest`.`production`, `hotelminatest`.`room`, `hotelminatest`.`staff`, `hotelminatest`.`ticketbooking`, `hotelminatest`.`ticketcheckoutroom`, `hotelminatest`.`typeofroom`;

CREATE TABLE `staff` (
  `idstaff` varchar(50) CHARACTER SET utf8 COLLATE utf8_unicode_ci NOT NULL,
  `username` varchar(255) CHARACTER SET utf8 COLLATE utf8_unicode_ci NOT NULL,
  `pass` varchar(500) CHARACTER SET utf8 COLLATE utf8_unicode_ci NOT NULL,
  `role` varchar(45) CHARACTER SET utf8 COLLATE utf8_unicode_ci NOT NULL,
  `datework` date NOT NULL,
  `salarymonth` decimal(18,0) NOT NULL,
  `bonussalary` decimal(18,0) DEFAULT NULL,
  `status` varchar(45) CHARACTER SET utf8 COLLATE utf8_unicode_ci DEFAULT NULL,
  PRIMARY KEY (`idstaff`)
) ENGINE=InnoDB DEFAULT CHARSET=utf8 COLLATE=utf8_unicode_ci;


CREATE TABLE `typeofroom` (
  `nametypeofroom` varchar(50) CHARACTER SET utf8 COLLATE utf8_unicode_ci NOT NULL,
  `roomrateshours` decimal(18,0) NOT NULL,
  `roomratesdates` decimal(18,0) NOT NULL,
  `numberinroom` int NOT NULL,
  `roomratescharge` decimal(18,0) NOT NULL,
  PRIMARY KEY (`nametypeofroom`)
) ENGINE=InnoDB DEFAULT CHARSET=utf8 COLLATE=utf8_unicode_ci;

CREATE TABLE `room` (
  `idroom` int NOT NULL,
  `status` varchar(45) CHARACTER SET utf8 COLLATE utf8_unicode_ci DEFAULT NULL,
  `nametyperoom` varchar(50) CHARACTER SET utf8 COLLATE utf8_unicode_ci DEFAULT NULL,
  PRIMARY KEY (`idroom`),
  KEY `f_room_typeofroom` (`nametyperoom`),
  CONSTRAINT `f_room_typeofroom` FOREIGN KEY (`nametyperoom`) REFERENCES `typeofroom` (`nametypeofroom`) ON DELETE CASCADE ON UPDATE CASCADE
) ENGINE=InnoDB DEFAULT CHARSET=utf8 COLLATE=utf8_unicode_ci;

CREATE TABLE `production` (
  `idproduction` varchar(50) CHARACTER SET utf8 COLLATE utf8_unicode_ci NOT NULL,
  `nameproduct` varchar(255) CHARACTER SET utf8 COLLATE utf8_general_ci NOT NULL,
  `extention` varchar(455) CHARACTER SET utf8 COLLATE utf8_unicode_ci DEFAULT NULL,
  `productrates` decimal(18,0) NOT NULL,
  `img` varchar(2024) CHARACTER SET utf8 COLLATE utf8_general_ci DEFAULT NULL,
  `type` varchar(45) CHARACTER SET utf8 COLLATE utf8_unicode_ci DEFAULT NULL,
  `status` varchar(45) CHARACTER SET utf8 COLLATE utf8_unicode_ci DEFAULT NULL,
  PRIMARY KEY (`idproduction`)
) ENGINE=InnoDB DEFAULT CHARSET=utf8 COLLATE=utf8_unicode_ci;

CREATE TABLE `datework` (
  `iddatework` date NOT NULL,
  `listuserworkfullday` varchar(5000) CHARACTER SET utf8 COLLATE utf8_unicode_ci DEFAULT NULL,
  `listuserhalfday` varchar(5000) CHARACTER SET utf8 COLLATE utf8_unicode_ci DEFAULT NULL,
  `regulation` int NOT NULL,
  PRIMARY KEY (`iddatework`)
) ENGINE=InnoDB DEFAULT CHARSET=utf8 COLLATE=utf8_unicode_ci;

CREATE TABLE `dailyworking` (
  `idtoday` date NOT NULL,
  `idstaffwork` varchar(50) CHARACTER SET utf8 COLLATE utf8_unicode_ci NOT NULL,
  `timestart` time DEFAULT NULL,
  `timeend` time DEFAULT NULL,
  `note` varchar(255) CHARACTER SET utf8 COLLATE utf8_unicode_ci DEFAULT NULL,
  `idstaffmanagement` varchar(50) CHARACTER SET utf8 COLLATE utf8_unicode_ci DEFAULT NULL,
  `usernamestaff` varchar(255) CHARACTER SET utf8 COLLATE utf8_unicode_ci DEFAULT NULL,
  PRIMARY KEY (`idtoday`,`idstaffwork`),
  KEY `f_work_staff` (`idstaffwork`),
  KEY `f_work_today_staffmanagemenmt` (`idstaffmanagement`),
  CONSTRAINT `f_work_staff` FOREIGN KEY (`idstaffwork`) REFERENCES `staff` (`idstaff`) ON DELETE CASCADE ON UPDATE CASCADE,
  CONSTRAINT `f_work_today` FOREIGN KEY (`idtoday`) REFERENCES `datework` (`iddatework`) ON DELETE CASCADE ON UPDATE CASCADE,
  CONSTRAINT `f_work_today_staffmanagemenmt` FOREIGN KEY (`idstaffmanagement`) REFERENCES `staff` (`idstaff`) ON DELETE CASCADE ON UPDATE CASCADE
) ENGINE=InnoDB DEFAULT CHARSET=utf8 COLLATE=utf8_unicode_ci;

CREATE TABLE `ticketbooking` (
  `idticketbooking` varchar(50) CHARACTER SET utf8 COLLATE utf8_unicode_ci NOT NULL,
  `iduserrentroom` varchar(50) CHARACTER SET utf8 COLLATE utf8_unicode_ci NOT NULL,
  `usernamerentroom` varchar(255) CHARACTER SET utf8 COLLATE utf8_unicode_ci NOT NULL,
  `timestamprent` timestamp NOT NULL,
  `idstaffreception` varchar(50) CHARACTER SET utf8 COLLATE utf8_unicode_ci NOT NULL,
  `numberroom` int NOT NULL,
  `numberinroom` int DEFAULT NULL,
  `status` varchar(45) CHARACTER SET utf8 COLLATE utf8_unicode_ci DEFAULT NULL,
  PRIMARY KEY (`idticketbooking`),
  KEY `f_room_staffreception` (`idstaffreception`),
  KEY `f_room_ticketbooking` (`numberroom`),
  CONSTRAINT `f_room_staffreception` FOREIGN KEY (`idstaffreception`) REFERENCES `staff` (`idstaff`) ON DELETE CASCADE ON UPDATE CASCADE,
  CONSTRAINT `f_room_ticketbooking` FOREIGN KEY (`numberroom`) REFERENCES `room` (`idroom`) ON DELETE CASCADE ON UPDATE CASCADE
) ENGINE=InnoDB DEFAULT CHARSET=utf8 COLLATE=utf8_unicode_ci;

CREATE TABLE `detailservices` (
  `idticketbooking` varchar(50) CHARACTER SET utf8 COLLATE utf8_unicode_ci NOT NULL,
  `idproduct` varchar(50) CHARACTER SET utf8 COLLATE utf8_unicode_ci NOT NULL,
  `idstaffservicesrepo` varchar(50) CHARACTER SET utf8 COLLATE utf8_unicode_ci DEFAULT NULL,
  `amount` int DEFAULT NULL,
  `startrent` timestamp NULL DEFAULT NULL,
  `endrent` timestamp NULL DEFAULT NULL,
  `status` varchar(45) CHARACTER SET utf8 COLLATE utf8_unicode_ci NOT NULL,
  `sumaryservices` decimal(18,0) DEFAULT NULL,
  PRIMARY KEY (`idticketbooking`,`idproduct`),
  KEY `f_detail_product` (`idproduct`),
  KEY `f_detailservice_staffsupport` (`idstaffservicesrepo`),
  CONSTRAINT `f_detail_product` FOREIGN KEY (`idproduct`) REFERENCES `production` (`idproduction`) ON DELETE CASCADE ON UPDATE CASCADE,
  CONSTRAINT `f_detailservice_staffsupport` FOREIGN KEY (`idstaffservicesrepo`) REFERENCES `staff` (`idstaff`) ON DELETE CASCADE ON UPDATE CASCADE,
  CONSTRAINT `f_ticket_detail` FOREIGN KEY (`idticketbooking`) REFERENCES `ticketbooking` (`idticketbooking`) ON DELETE CASCADE ON UPDATE CASCADE
) ENGINE=InnoDB DEFAULT CHARSET=utf8 COLLATE=utf8_unicode_ci;

CREATE TABLE `ticketcheckoutroom` (
  `idticketcheckoutroom` varchar(50) CHARACTER SET utf8 COLLATE utf8_unicode_ci NOT NULL,
  `idticketbooking` varchar(50) CHARACTER SET utf8 COLLATE utf8_unicode_ci NOT NULL,
  `timeendrent` timestamp NULL DEFAULT NULL,
  `idstaffreceptionsupport` varchar(50) CHARACTER SET utf8 COLLATE utf8_unicode_ci NOT NULL,
  `numberroomrent` int DEFAULT NULL,
  `sumaryratesandservices` decimal(18,0) DEFAULT NULL,
  `status` varchar(45) CHARACTER SET utf8 COLLATE utf8_unicode_ci DEFAULT NULL,
  `raterentroom` decimal(18,0) DEFAULT NULL,
  `rateservices` decimal(18,0) DEFAULT NULL,
  `roomsubcharge` decimal(18,0) DEFAULT NULL,
  `roomdamaged` decimal(18,0) DEFAULT NULL,
  `timerent` varchar(205) CHARACTER SET utf8 COLLATE utf8_unicode_ci DEFAULT NULL,
  PRIMARY KEY (`idticketcheckoutroom`),
  KEY `f_out_inroom` (`idticketbooking`),
  KEY `f_outroom_staffsupport` (`idstaffreceptionsupport`),
  CONSTRAINT `f_out_inroom` FOREIGN KEY (`idticketbooking`) REFERENCES `ticketbooking` (`idticketbooking`) ON DELETE CASCADE ON UPDATE CASCADE,
  CONSTRAINT `f_outroom_staffsupport` FOREIGN KEY (`idstaffreceptionsupport`) REFERENCES `staff` (`idstaff`) ON DELETE CASCADE ON UPDATE CASCADE
) ENGINE=InnoDB DEFAULT CHARSET=utf8 COLLATE=utf8_unicode_ci;

CREATE TABLE `checkingoutroomdamaged` (
  `idcheckingoutroomdamaded` varchar(50) CHARACTER SET utf8 COLLATE utf8_unicode_ci NOT NULL,
  `idcheckoutroom` varchar(50) CHARACTER SET utf8 COLLATE utf8_unicode_ci DEFAULT NULL,
  `listproductdamaded` varchar(1000) CHARACTER SET utf8 COLLATE utf8_unicode_ci DEFAULT NULL,
  `sumaryindemnify` decimal(18,0) NOT NULL,
  `idstaffchecking` varchar(50) CHARACTER SET utf8 COLLATE utf8_unicode_ci DEFAULT NULL,
  `idticketbooking` varchar(50) CHARACTER SET utf8 COLLATE utf8_unicode_ci DEFAULT NULL,
  `status` varchar(45) CHARACTER SET utf8 COLLATE utf8_unicode_ci DEFAULT NULL,
  PRIMARY KEY (`idcheckingoutroomdamaded`),
  KEY `f_damaded_outroom` (`idcheckoutroom`),
  KEY `f_damaded_staff` (`idstaffchecking`),
  CONSTRAINT `f_damaded_outroom` FOREIGN KEY (`idcheckoutroom`) REFERENCES `ticketcheckoutroom` (`idticketcheckoutroom`) ON DELETE CASCADE ON UPDATE CASCADE,
  CONSTRAINT `f_damaded_staff` FOREIGN KEY (`idstaffchecking`) REFERENCES `staff` (`idstaff`) ON DELETE CASCADE ON UPDATE CASCADE
) ENGINE=InnoDB DEFAULT CHARSET=utf8 COLLATE=utf8_unicode_ci;

INSERT INTO `staff` (`idstaff`, `username`, `pass`, `role`, `datework`, `salarymonth`, `bonussalary`, `status`) VALUES ('aXnXa','test','test','test','2021-05-28',43534,43534,'one'),('hZBlz','test','test','test','2021-05-28',43534,43534,'one'),('staff_01','nguyen thi  vip','$2a$2a$10$aK7ynWil8RK8Rlu9QXJIqeGjq2s2IJYpQZ78YNZvuxbVSxiw8.iYe','admin','2021-01-01',5000000,500000,'On'),('staff_02','nguyen thi  B','$2a$10$OFSLRhGu7oZhapYUcU7nKeKHRWfBf5C0ADAkCZcgGFa/eEiloBdPO','tieptan','2021-01-01',999999,500000,'On'),('staff_03','nguyen thi C','$2a$10$jNU.IW9V6a0ytauVZKMV0uPNeCsymX6kV3v/w9MzS89hssvKq3dBK','tieptan','2021-01-01',5000000,1,'On'),('staff_04','nguyen thi  D','$2a$10$jNU.IW9V6a0ytauVZKMV0uPNeCsymX6kV3v/w9MzS89hssvKq3dBK','dichvu','2021-01-01',4000000,0,'On'),('staff_05','thinh manager','$2a$10$jNU.IW9V6a0ytauVZKMV0uPNeCsymX6kV3v/w9MzS89hssvKq3dBK','quanli','2021-01-01',7000000,50000,'On'),('staff_06','admin','$2a$10$jNU.IW9V6a0ytauVZKMV0uPNeCsymX6kV3v/w9MzS89hssvKq3dBK','admin','2021-01-01',10000000,0,'On'),('staff_07','user service A','$2a$10$/yzmfBeWrx3LljAAnXHKO.Ok2Uy6FWZX3/oG1J0SoA2cFWqxcwlpW','dichvu','2021-01-01',4000000,100000,'On'),('staff_11','new chang 23455','$2a$10$EnSp5jQ9.STGvw3On.iGm.v.YGkw.SANi5aPNBqVN7d31v9KJGYA6','quanli','2021-01-01',8000000,0,'On'),('staff_12','toi la 12','$2a$10$/iqm5zHg/HCZaUg6NbST/uwZ5MKbKNofrav93.eLHKGQ5hnppp/VK','quanli','2021-01-01',9000000,0,'Off'),('staff_13','new change 11','$2a$10$u.mSUxeS91d4bUtUmA48NOEwtarl0mJOPTE.sbK55HnCl6TY9LnSW','quanli','2021-01-01',9000000,50000,'On'),('staff_14','14 dfdasfds','$2a$10$fJtXJHb.ie9QfJBGhQHrve7oJkNGc1uKIZnrazYj9fwSJsnli/v8m','dichvu','2021-01-01',4000000,200000,'On'),('staff_15','new 1111','$2a$10$7r8EnTS1EKqqscmzfcN7/.VfR8RZ9YSG/qXyuST4ig0rJiYtwayNS','quanli','2021-01-01',5000000,600000,'On'),('staff_16','new user0134','$2a$10$VCB.mdLaMKHeADlsaAOim.6yrcO6yKXTXFNQmYQHFB8Uyb1341gN2','dichvu','2021-02-01',12445,50000,'Off'),('staff_17','toi la 17_7777','$2a$10$IkD2M1OwSFfU288tqvOGre8vF91D5jKcTzPi9y4TzWfuuMcxsyl22','dichvu','2021-01-31',888888888,8888,'Off'),('staff_18','new User 18','$2a$10$xOLYL2H1ungl4gxrz03YE.FAXH3/Pz/.NYCnXluyNnmLd54IVra6O','dichvu','2021-02-01',333333333,333,'Off'),('staff_19','user1999','$2a$10$KumM.57XiFcV4RJMPAsScego1Qz6N7gst9IE4bb5vV0PLuPdZ0LeO','tieptan','2021-02-12',5000000,50000,'On'),('staff_20','new user teset','$2a$10$sT711PGnKFAvCGV6hk0Ulu6J41GvH/xnDp0w5467REQ6sgV1FkClC','dichvu','2021-03-29',500000,0,'Off'),('staff_21','nguyen phuc loc','$2a$10$enEbH9Vx.npNKp3OYLi7Y.Z5uEBBGaWJMpWuXwW0zcA2N2a8SGB3m','tieptan','2021-03-29',4500000,0,'Off'),('staff_7','new user01','$2a$10$jNSzXDWyaksCeQ/kTSPsKe1j/kRgKtayHbtFTaZ8n0TlNMKZB7tVm','tieptan','2021-02-25',7000000,400000,'Off'),('staff_9','new user03','$2a$10$i.j30jO.Af.VNj8GJ3uH4uGPUz3qzucT0TizG8Wj6foQoPtnfCeJm','dichvu','2021-02-08',5000000,0,'Off');
INSERT INTO `typeofroom` (`nametypeofroom`, `roomrateshours`, `roomratesdates`, `numberinroom`, `roomratescharge`) VALUES ('double',150000,350000,4,70000),('single',100000,250000,2,90000),('vip',500000,1000000,100,100);
INSERT INTO `room` (`idroom`, `status`, `nametyperoom`) VALUES (1,NULL,'single'),(2,NULL,'single'),(3,NULL,'double'),(4,NULL,'double'),(5,NULL,'double'),(6,NULL,'single'),(7,NULL,'double'),(8,NULL,'double'),(9,NULL,'vip'),(10,NULL,'vip');
INSERT INTO `production` (`idproduction`, `nameproduct`, `extention`, `productrates`, `img`, `type`, `status`) VALUES ('1','Mirinda  cammm','6 chai nước ngọt Mirinda hương cam 390ml v',35000,'https://firebasestorage.googleapis.com/v0/b/readmepeter.appspot.com/o/images%2Fphilippe-oursel-ZopoSyTT_GM-unsplash.jpg?alt=media&token=c47520f2-d838-4d13-abfc-66297592e810','Drinkandfood','On'),('10','socola Kinh Đô A','Bánh mì tươi tròn nhân socola Kinh Đô 55g',6500,'https://firebasestorage.googleapis.com/v0/b/readmepeter.appspot.com/o/images%2Fsnack-bap-greens-a-vi-thit-nuong-goi-36g-202011191524385552.jpg?alt=media&token=832c6a9e-7068-481e-a496-3f08879da4f1','Drinkandfood','On'),('11','Satria 150 FI','Xe Satria 150 FI đời 2020 màu xanh , 59-f1 33335',500000,'https://cloud.muaban.net/images/thumb-detail/2021/02/20/087/be1e93a0efc2477ea33a31ccf9a512e2.jpg','MotoBike','Off'),('12','wave , futrue ','xe máy 2 bánh giá rẻ, 59- g5 67890',300000,'https://cloud.muaban.net/images/thumb-detail/2020/03/19/165/3d63f6ad88a947d9beede3d2cb2752d5.jpg','MotoBike','On'),('13','AB 2020','Xe máy đi vòng vòng ra phố, 59-f3 12345',450000,'https://cloud.muaban.net/images/thumb-detail/2020/02/03/171/363193570531436982a07f48a8efe77c.jpg','MotoBike','On'),('2','Sprite vb','Nước ngọt Sprite hương chanh 1.5 lít',15000,'https://cdn.tgdd.vn/Products/Images/2443/84808/bhx/nuoc-ngot-sprite-vi-chanh-15-lit-201906251428180595.jpg','Drinkandfood','On'),('2021-02-26T19:21:58.605059800',' Bánh bơ trứng','Bột mì, đường, bơ 10%, trứng 2.8%, bột sữa whey',50000,'https://firebasestorage.googleapis.com/v0/b/readmepeter.appspot.com/o/images%2Fbanh-bo-trung-fiano-goi-270g-202102010850041887.jpg?alt=media&token=0d666556-8e2a-4047-9572-e4e3bbd90d97','Drinkandfood','Off'),('2021-02-26T19:25:52.659304300','Snack bắp','Snack bắp Green\'s A vị thịt nướng gói 36g',5000,'https://firebasestorage.googleapis.com/v0/b/readmepeter.appspot.com/o/images%2Fsnack-bap-greens-a-vi-thit-nuong-goi-36g-202011191524385552.jpg?alt=media&token=9752ff91-3f0e-4f6c-8157-29aab353dc6d','Drinkandfood','On'),('2021-02-26T19:38:49.538049400','Bánh gạo mật ong','Bánh gạo mật ong Fiano gói 108g',15000,'https://firebasestorage.googleapis.com/v0/b/readmepeter.appspot.com/o/images%2Fbanh-bo-trung-fiano-goi-270g-202102010850041887.jpg?alt=media&token=4c3d5ac6-c893-4317-b404-cfd2e7cc21e6','Drinkandfood','On'),('2021-02-26T20:43:26.884615500','Hộp 6 hũ tổ yến','Hộp 6 hũ tổ yến chưng đông trùng hạ thảo',230000,'https://firebasestorage.googleapis.com/v0/b/readmepeter.appspot.com/o/images%2Fhop-6-hu-to-yen-chung-san-sai-gon-anpha-dong-trung-ha-thao-70ml-202001031550320914.jpg?alt=media&token=ec7654c5-2b04-47f4-bf6a-bb880771e8a5','Drinkandfood','On'),('2021-03-06T21:41:50.021006800','Hộp 6 hũ tổ yến','Hộp 6 hũ tổ yến\nHộp 6 hũ tổ yến fff',30000,'https://firebasestorage.googleapis.com/v0/b/readmepeter.appspot.com/o/images%2Fnuoc-ep-tao-juss-1-lit-202102222200205453.jpg?alt=media&token=61fd29aa-3d7d-4e12-aafe-d00e2b4928cb','Drinkandfood','On'),('2021-03-15T07:11:31.699292600','ccccc','vvvvvvvvvvvvvv',567890,'https://firebasestorage.googleapis.com/v0/b/readmepeter.appspot.com/o/images%2Fthung-20-lon-bia-budweiser-330ml-202012140852081395.jpg?alt=media&token=b1a2936a-7e76-4bde-ad59-9b5a30f3475d','Drinkandfood','On'),('2021-03-29T20:44:51.117897800','Mirinda ','6 chai nước ngọt Mirinda hương xá xị 390ml',34000,'https://firebasestorage.googleapis.com/v0/b/readmepeter.appspot.com/o/images%2Fmirinda-cam-330ml-sleek-lon-2-org.jpg?alt=media&token=d729a7a1-e154-4490-87dd-bd233feec347','Drinkandfood','Off'),('2021-03-29T21:22:56.588368200','Nước ngọt ngon','Nước ngọt 7 Up vị chanh 390ml',6000,'https://firebasestorage.googleapis.com/v0/b/readmepeter.appspot.com/o/images%2Fnuoc-ngot-7-up-vi-chanh-chai-390ml-09112018113228.jfif?alt=media&token=d40ac3d7-0b67-4f8f-9cdb-ec78756eb33a','Drinkandfood','Off'),('3','Mirinda đá me','Nước ngọt Mirinda đá me chai 390ml',6000,'https://cdn.tgdd.vn/Products/Images/2443/229521/bhx/nuoc-ngot-mirinda-da-me-chai-390ml-202010231339536666.jpg','Drinkandfood','On'),('4','Trà chanh','Trà chanh Wil hộp 272g Lama hộp',22500,'https://cdn.tgdd.vn/Products/Images/2385/230385/bhx/tra-atiso-lama-hop-50g-202011230855295859.jpg','Drinkandfood','On'),('5','Trà túi lọc Lama','Trà túi lọc Lama hương dâu hộp 50g',25000,'https://cdn.tgdd.vn/Products/Images/2385/230190/bhx/tra-tui-loc-lama-huong-dau-hop-50g-202010311335494943.jpg','Drinkandfood','On'),('6','Mì cay Nongshim','Mì cay Nongshim Shin Noodles tô 114g',23400,'https://cdn.tgdd.vn/Products/Images/2565/87670/bhx/mi-shin-to-116g-16-2-org.jpg','Drinkandfood','On'),('7','Mì trộn tương tàu','Mì trộn tương tàu dầu olive Samyang gói 140g',24000,'https://cdn.tgdd.vn/Products/Images/2565/113226/bhx/mi-tron-tuong-den-samyang-goi-140g-2-org.jpg','Drinkandfood','On'),('8','Cháo bổ dưỡng','Cháo bổ dưỡng SG Food tổ yến bát bảo gói 240g',24000,'https://cdn.tgdd.vn/Products/Images/2564/228365/bhx/chao-bo-duong-sg-food-to-yen-bat-bao-goi-240g-202010191556284954.jpg','Drinkandfood','On'),('9','Táo Gala','Táo Gala New Zealand (6 - 7 trái)',65000,'https://cdn.tgdd.vn/Products/Images/7578/202932/bhx/tao-gala-nhap-khau-new-zealand-tui-1kg-6-7-trai-202101271720526374.jpg','Drinkandfood','On'),('autogen','Mirinda  cammm','6 chai nước ngọt Mirinda hương cam 390ml',30000,'https://cdn.tgdd.vn/Products/Images/2443/84394/bhx/loc-6-chai-nuoc-ngot-mirinda-cam-390ml-201901291340138285.jpg','Drinkandfood','Off');
INSERT INTO `datework` (`iddatework`, `listuserworkfullday`, `listuserhalfday`, `regulation`) VALUES ('2020-01-01','','',1),('2021-01-01','staff_02,staff_03,staff_06,staff_07,staff_11,staff_14,staff_15','staff_13',1),('2021-01-02','staff_01,staff_02,staff_03,staff_05,staff_06,staff_07,staff_11,staff_13,staff_14,staff_15','staff_04',1),('2021-01-03','staff_01,staff_02,staff_03,staff_04,staff_05,staff_06,staff_07,staff_11,staff_13,staff_14,staff_15','',1),('2021-01-04','staff_01,staff_02,staff_03,staff_04,staff_05,staff_06,staff_07,staff_11,staff_14,staff_15','staff_13',1),('2021-01-05','staff_01,staff_02,staff_03,staff_04,staff_05,staff_07,staff_11,staff_13,staff_15','staff_06,staff_14',1),('2021-01-06','staff_02,staff_03,staff_04,staff_05,staff_06,staff_07,staff_13,staff_14,staff_15','staff_01,staff_11',1),('2021-01-07','staff_01,staff_02,staff_03,staff_04,staff_05,staff_07,staff_11,staff_13,staff_14,staff_15','staff_06',1),('2021-01-12','staff_01,staff_02,staff_03,staff_04,staff_05,staff_06,staff_07,staff_11,staff_14,staff_15','staff_13',1),('2021-01-15','staff_01,staff_02,staff_03,staff_05,staff_06,staff_07,staff_11,staff_13,staff_14,staff_15','staff_04',1),('2021-01-19','staff_01,staff_02,staff_03,staff_04,staff_06,staff_07,staff_11,staff_14,staff_15','staff_05,staff_13',1),('2021-01-20','staff_01,staff_02,staff_03,staff_04,staff_05,staff_06,staff_07,staff_11,staff_13,staff_15','staff_14',1),('2021-01-26','staff_01,staff_03,staff_04,staff_05,staff_06,staff_07,staff_11,staff_13,staff_14,staff_15','staff_02',1),('2021-01-27','staff_01,staff_02,staff_03,staff_04,staff_05,staff_06,staff_07,staff_11,staff_13,staff_14,staff_15','',1),('2021-02-01','staff_01,staff_02,staff_03,staff_04,staff_06,staff_07,staff_13,staff_15','staff_05,staff_11',1),('2021-02-02','staff_01,staff_02,staff_03,staff_04,staff_05,staff_06,staff_07,staff_11,staff_13,staff_14,staff_15','',1),('2021-02-03','staff_01,staff_02,staff_03,staff_04,staff_05,staff_06,staff_07,staff_11,staff_13,staff_14,staff_15','',1),('2021-02-04','staff_01,staff_02,staff_03,staff_04,staff_05,staff_06,staff_07,staff_11,staff_13,staff_14,staff_15','',1),('2021-02-05','staff_01,staff_02,staff_03,staff_04,staff_05,staff_07,staff_11,staff_13,staff_14,staff_15','staff_06',1),('2021-02-06','staff_01,staff_02,staff_04,staff_05,staff_06,staff_07,staff_11,staff_13,staff_14,staff_15','staff_03',1),('2021-02-07','staff_01,staff_02,staff_03,staff_04,staff_05,staff_06,staff_07,staff_11,staff_13,staff_14,staff_15','',1),('2021-02-08','staff_01,staff_02,staff_03,staff_04,staff_05,staff_06,staff_07,staff_11,staff_13,staff_14,staff_15','',1),('2021-02-09','staff_01,staff_02,staff_03,staff_04,staff_05,staff_06,staff_07,staff_11,staff_14,staff_15,staff_9','staff_13',1),('2021-02-10','staff_01,staff_02,staff_03,staff_04,staff_05,staff_06,staff_07,staff_11,staff_14,staff_15','staff_13',1),('2021-02-11','staff_01,staff_02,staff_03,staff_04,staff_05,staff_06,staff_07,staff_11,staff_14,staff_15,staff_9','staff_13',1),('2021-02-12','staff_01,staff_02,staff_03,staff_04,staff_05,staff_06,staff_07,staff_11,staff_13,staff_15,staff_9','staff_14',1),('2021-02-13','staff_01,staff_02,staff_03,staff_04,staff_05,staff_06,staff_07,staff_11,staff_13,staff_14,staff_15,staff_19','',1),('2021-02-14','staff_02,staff_03,staff_04,staff_05,staff_06,staff_07,staff_13,staff_14,staff_15,staff_19','staff_01,staff_11',1),('2021-02-15','staff_01,staff_02,staff_03,staff_05,staff_07,staff_11,staff_13,staff_15,staff_19','staff_04,staff_06,staff_14',1),('2021-02-16','staff_01,staff_02,staff_03,staff_04,staff_05,staff_07,staff_11,staff_13,staff_14,staff_19','staff_06,staff_15',1),('2021-02-17','staff_01,staff_02,staff_03,staff_04,staff_05,staff_06,staff_07,staff_11,staff_13,staff_14,staff_15,staff_9','',1),('2021-02-18','staff_01,staff_02,staff_03,staff_04,staff_05,staff_06,staff_07,staff_11,staff_13,staff_15,staff_19','staff_14',1),('2021-02-19','staff_01,staff_02,staff_03,staff_04,staff_05,staff_06,staff_07,staff_11,staff_13,staff_14,staff_15,staff_9','',1),('2021-02-20','staff_01,staff_02,staff_03,staff_04,staff_05,staff_06,staff_07,staff_11,staff_14,staff_15,staff_9','staff_13',1),('2021-02-21','staff_01,staff_02,staff_03,staff_04,staff_05,staff_06,staff_07,staff_11,staff_13,staff_14,staff_15,staff_19','',1),('2021-02-22','staff_01,staff_02,staff_03,staff_04,staff_05,staff_06,staff_07,staff_11,staff_13,staff_14,staff_15,staff_19','',1),('2021-02-23','staff_01,staff_02,staff_03,staff_04,staff_05,staff_06,staff_07,staff_11,staff_13,staff_14,staff_15,staff_19','',1),('2021-02-24','staff_01,staff_02,staff_03,staff_04,staff_06,staff_07,staff_11,staff_13,staff_14,staff_15,staff_19','staff_05',1),('2021-02-25','staff_01,staff_02,staff_03,staff_04,staff_05,staff_06,staff_07,staff_11,staff_13,staff_14,staff_15,staff_9','staff_7',1),('2021-02-26','staff_01,staff_03,staff_04,staff_05,staff_06,staff_07,staff_11,staff_13,staff_14,staff_15,staff_7,staff_9','staff_02',1),('2021-02-27','staff_02,staff_03,staff_04,staff_05,staff_07,staff_11,staff_14,staff_15,staff_19','staff_01,staff_06,staff_13',1),('2021-03-01','','',1),('2021-03-02','','',1),('2021-03-03','','',1),('2021-03-04','','',1),('2021-03-05','staff_01','',1),('2021-03-06','staff_01,staff_02','',1),('2021-03-16','','',1),('2021-03-17','','',1),('2021-03-22','staff_01,staff_02,staff_03','',1),('2021-03-23','staff_01,staff_02','',1),('2021-03-29','','',1);
INSERT INTO `dailyworking` (`idtoday`, `idstaffwork`, `timestart`, `timeend`, `note`, `idstaffmanagement`, `usernamestaff`) VALUES ('2021-01-01','staff_02','11:00:00','19:00:00','1','staff_06','nguyen thi  B'),('2021-01-01','staff_03','06:00:00','16:00:00','1','staff_06','nguyen thi C'),('2021-01-01','staff_06','11:00:00','16:00:00','1','staff_06','admin'),('2021-01-01','staff_07','08:00:00','19:00:00','1','staff_06','user service A'),('2021-01-01','staff_11','05:00:00','18:00:00','1','staff_06','new chang 23455'),('2021-01-01','staff_13','09:00:00','13:00:00','1','staff_06','new change 11'),('2021-01-01','staff_14','06:00:00','17:00:00','1','staff_06','14 dfdasfds'),('2021-01-01','staff_15','10:00:00','18:00:00','1','staff_06','new 1111'),('2021-01-02','staff_01','05:00:00','17:00:00','1','staff_06','nguyen thi  vip'),('2021-01-02','staff_02','09:00:00','21:00:00','1','staff_06','nguyen thi  B'),('2021-01-02','staff_03','06:00:00','14:00:00','1','staff_06','nguyen thi C'),('2021-01-02','staff_04','11:00:00','14:00:00','1','staff_06','nguyen thi  D'),('2021-01-02','staff_05','08:00:00','18:00:00','1','staff_06','thinh manager'),('2021-01-02','staff_06','05:00:00','16:00:00','1','staff_06','admin'),('2021-01-02','staff_07','09:00:00','14:00:00','1','staff_06','user service A'),('2021-01-02','staff_11','11:00:00','20:00:00','1','staff_06','new chang 23455'),('2021-01-02','staff_13','08:00:00','21:00:00','1','staff_06','new change 11'),('2021-01-02','staff_14','04:00:00','14:00:00','1','staff_06','14 dfdasfds'),('2021-01-02','staff_15','11:00:00','17:00:00','1','staff_06','new 1111'),('2021-01-03','staff_01','11:00:00','17:00:00','1','staff_06','nguyen thi  vip'),('2021-01-03','staff_02','09:00:00','21:00:00','1','staff_06','nguyen thi  B'),('2021-01-03','staff_03','11:00:00','22:00:00','1','staff_06','nguyen thi C'),('2021-01-03','staff_04','04:00:00','13:00:00','1','staff_06','nguyen thi  D'),('2021-01-03','staff_05','06:00:00','17:00:00','1','staff_06','thinh manager'),('2021-01-03','staff_06','09:00:00','18:00:00','1','staff_06','admin'),('2021-01-03','staff_07','04:00:00','15:00:00','1','staff_06','user service A'),('2021-01-03','staff_11','07:00:00','19:00:00','1','staff_06','new chang 23455'),('2021-01-03','staff_13','11:00:00','22:00:00','1','staff_06','new change 11'),('2021-01-03','staff_14','08:00:00','19:00:00','1','staff_06','14 dfdasfds'),('2021-01-03','staff_15','05:00:00','17:00:00','1','staff_06','new 1111'),('2021-01-04','staff_01','04:00:00','21:00:00','1','staff_06','nguyen thi  vip'),('2021-01-04','staff_02','11:00:00','21:00:00','1','staff_06','nguyen thi  B'),('2021-01-04','staff_03','08:00:00','14:00:00','1','staff_06','nguyen thi C'),('2021-01-04','staff_04','05:00:00','14:00:00','1','staff_06','nguyen thi  D'),('2021-01-04','staff_05','04:00:00','15:00:00','1','staff_06','thinh manager'),('2021-01-04','staff_06','08:00:00','21:00:00','1','staff_06','admin'),('2021-01-04','staff_07','11:00:00','18:00:00','1','staff_06','user service A'),('2021-01-04','staff_11','05:00:00','20:00:00','1','staff_06','new chang 23455'),('2021-01-04','staff_13','11:00:00','15:00:00','1','staff_06','new change 11'),('2021-01-04','staff_14','06:00:00','22:00:00','1','staff_06','14 dfdasfds'),('2021-01-04','staff_15','09:00:00','14:00:00','1','staff_06','new 1111'),('2021-01-05','staff_01','09:00:00','14:00:00','1','staff_06','nguyen thi  vip'),('2021-01-05','staff_02','06:00:00','15:00:00','1','staff_06','nguyen thi  B'),('2021-01-05','staff_03','04:00:00','18:00:00','1','staff_03','nguyen thi C'),('2021-01-05','staff_04','10:00:00','20:00:00','1','staff_06','nguyen thi  D'),('2021-01-05','staff_05','07:00:00','13:00:00','1','staff_06','thinh manager'),('2021-01-05','staff_06','09:00:00','13:00:00','1','staff_06','admin'),('2021-01-05','staff_07','10:00:00','20:00:00','1','staff_06','user service A'),('2021-01-05','staff_11','05:00:00','20:00:00','1','staff_06','new chang 23455'),('2021-01-05','staff_13','11:00:00','20:00:00','1','staff_06','new change 11'),('2021-01-05','staff_14','11:00:00','14:00:00','1','staff_06','14 dfdasfds'),('2021-01-05','staff_15','05:00:00','22:00:00','1','staff_06','new 1111'),('2021-01-06','staff_01','11:00:00','14:00:00','1','staff_06','nguyen thi  vip'),('2021-01-06','staff_02','04:00:00','22:00:00','1','staff_06','nguyen thi  B'),('2021-01-06','staff_03','09:00:00','14:00:00','1','staff_06','nguyen thi C'),('2021-01-06','staff_04','10:00:00','17:00:00','1','staff_06','nguyen thi  D'),('2021-01-06','staff_05','08:00:00','15:00:00','1','staff_06','thinh manager'),('2021-01-06','staff_06','05:00:00','17:00:00','1','staff_06','admin'),('2021-01-06','staff_07','05:00:00','21:00:00','1','staff_06','user service A'),('2021-01-06','staff_11','10:00:00','13:00:00','1','staff_06','new chang 23455'),('2021-01-06','staff_13','06:00:00','14:00:00','1','staff_06','new change 11'),('2021-01-06','staff_14','08:00:00','22:00:00','1','staff_06','14 dfdasfds'),('2021-01-06','staff_15','10:00:00','16:00:00','1','staff_06','new 1111'),('2021-01-07','staff_01','07:00:00','16:00:00','1','staff_01','nguyen thi  vip'),('2021-01-07','staff_02','10:00:00','21:00:00','1','staff_02','nguyen thi  B'),('2021-01-07','staff_03','04:00:00','17:00:00','1','staff_03','nguyen thi C'),('2021-01-07','staff_04','05:00:00','16:00:00','1','staff_04','nguyen thi  D'),('2021-01-07','staff_05','07:00:00','13:00:00','1','staff_05','thinh manager'),('2021-01-07','staff_06','10:00:00','13:00:00','1','staff_06','admin'),('2021-01-07','staff_07','11:00:00','21:00:00','1','staff_07','user service A'),('2021-01-07','staff_11','11:00:00','17:00:00','1','staff_11','new chang 23455'),('2021-01-07','staff_13','05:00:00','15:00:00','1','staff_13','new change 11'),('2021-01-07','staff_14','08:00:00','13:00:00','1','staff_14','14 dfdasfds'),('2021-01-07','staff_15','05:00:00','17:00:00','1','staff_15','new 1111'),('2021-01-12','staff_01','08:00:00','22:00:00','1','staff_01','nguyen thi  vip'),('2021-01-12','staff_02','04:00:00','21:00:00','1','staff_02','nguyen thi  B'),('2021-01-12','staff_03','10:00:00','16:00:00','1','staff_03','nguyen thi C'),('2021-01-12','staff_04','05:00:00','14:00:00','1','staff_04','nguyen thi  D'),('2021-01-12','staff_05','08:00:00','19:00:00','1','staff_05','thinh manager'),('2021-01-12','staff_06','06:00:00','21:00:00','1','staff_06','admin'),('2021-01-12','staff_07','08:00:00','14:00:00','1','staff_07','user service A'),('2021-01-12','staff_11','11:00:00','20:00:00','1','staff_11','new chang 23455'),('2021-01-12','staff_13','11:00:00','13:00:00','1','staff_13','new change 11'),('2021-01-12','staff_14','08:00:00','15:00:00','1','staff_14','14 dfdasfds'),('2021-01-12','staff_15','08:00:00','21:00:00','1','staff_15','new 1111'),('2021-01-15','staff_01','05:00:00','19:00:00','1','staff_01','nguyen thi  vip'),('2021-01-15','staff_02','06:00:00','20:00:00','1','staff_02','nguyen thi  B'),('2021-01-15','staff_03','07:00:00','16:00:00','1','staff_03','nguyen thi C'),('2021-01-15','staff_04','10:00:00','13:00:00','1','staff_04','nguyen thi  D'),('2021-01-15','staff_05','04:00:00','22:00:00','1','staff_05','thinh manager'),('2021-01-15','staff_06','09:00:00','17:00:00','1','staff_06','admin'),('2021-01-15','staff_07','05:00:00','16:00:00','1','staff_07','user service A'),('2021-01-15','staff_11','11:00:00','16:00:00','1','staff_11','new chang 23455'),('2021-01-15','staff_13','10:00:00','20:00:00','1','staff_13','new change 11'),('2021-01-15','staff_14','08:00:00','15:00:00','1','staff_14','14 dfdasfds'),('2021-01-15','staff_15','04:00:00','14:00:00','1','staff_15','new 1111'),('2021-01-19','staff_01','04:00:00','17:00:00','1','staff_01','nguyen thi  vip'),('2021-01-19','staff_02','04:00:00','13:00:00','1','staff_02','nguyen thi  B'),('2021-01-19','staff_03','05:00:00','18:00:00','1','staff_03','nguyen thi C'),('2021-01-19','staff_04','07:00:00','21:00:00','1','staff_04','nguyen thi  D'),('2021-01-19','staff_05','11:00:00','15:00:00','1','staff_05','thinh manager'),('2021-01-19','staff_06','11:00:00','22:00:00','1','staff_06','admin'),('2021-01-19','staff_07','09:00:00','16:00:00','1','staff_07','user service A'),('2021-01-19','staff_11','07:00:00','17:00:00','1','staff_11','new chang 23455'),('2021-01-19','staff_13','11:00:00','14:00:00','1','staff_13','new change 11'),('2021-01-19','staff_14','09:00:00','17:00:00','1','staff_14','14 dfdasfds'),('2021-01-19','staff_15','04:00:00','17:00:00','1','staff_15','new 1111'),('2021-01-20','staff_01','08:00:00','22:00:00','1','staff_01','nguyen thi  vip'),('2021-01-20','staff_02','05:00:00','21:00:00','1','staff_02','nguyen thi  B'),('2021-01-20','staff_03','05:00:00','18:00:00','1','staff_03','nguyen thi C'),('2021-01-20','staff_04','06:00:00','18:00:00','1','staff_04','nguyen thi  D'),('2021-01-20','staff_05','09:00:00','19:00:00','1','staff_05','thinh manager'),('2021-01-20','staff_06','11:00:00','16:00:00','1','staff_06','admin'),('2021-01-20','staff_07','08:00:00','13:00:00','1','staff_07','user service A'),('2021-01-20','staff_11','06:00:00','15:00:00','1','staff_11','new chang 23455'),('2021-01-20','staff_13','04:00:00','19:00:00','1','staff_13','new change 11'),('2021-01-20','staff_14','10:00:00','14:00:00','1','staff_14','14 dfdasfds'),('2021-01-20','staff_15','04:00:00','20:00:00','1','staff_15','new 1111'),('2021-01-26','staff_01','06:00:00','22:00:00','1','staff_01','nguyen thi  vip'),('2021-01-26','staff_02','10:00:00','14:00:00','1','staff_02','nguyen thi  B'),('2021-01-26','staff_03','06:00:00','13:00:00','1','staff_03','nguyen thi C'),('2021-01-26','staff_04','10:00:00','18:00:00','1','staff_04','nguyen thi  D'),('2021-01-26','staff_05','08:00:00','13:00:00','1','staff_05','thinh manager'),('2021-01-26','staff_06','05:00:00','21:00:00','1','staff_06','admin'),('2021-01-26','staff_07','06:00:00','19:00:00','1','staff_07','user service A'),('2021-01-26','staff_11','10:00:00','18:00:00','1','staff_11','new chang 23455'),('2021-01-26','staff_13','06:00:00','21:00:00','1','staff_13','new change 11'),('2021-01-26','staff_14','11:00:00','22:00:00','1','staff_14','14 dfdasfds'),('2021-01-26','staff_15','09:00:00','14:00:00','1','staff_15','new 1111'),('2021-01-27','staff_01','09:00:00','14:00:00','1','staff_01','nguyen thi  vip'),('2021-01-27','staff_02','07:00:00','19:00:00','1','staff_02','nguyen thi  B'),('2021-01-27','staff_03','05:00:00','19:00:00','1','staff_03','nguyen thi C'),('2021-01-27','staff_04','09:00:00','16:00:00','1','staff_04','nguyen thi  D'),('2021-01-27','staff_05','08:00:00','21:00:00','1','staff_05','thinh manager'),('2021-01-27','staff_06','06:00:00','21:00:00','1','staff_06','admin'),('2021-01-27','staff_07','06:00:00','18:00:00','1','staff_07','user service A'),('2021-01-27','staff_11','04:00:00','19:00:00','1','staff_11','new chang 23455'),('2021-01-27','staff_13','06:00:00','22:00:00','1','staff_13','new change 11'),('2021-01-27','staff_14','04:00:00','20:00:00','1','staff_14','14 dfdasfds'),('2021-01-27','staff_15','06:00:00','16:00:00','1','staff_15','new 1111'),('2021-02-01','staff_01','05:00:00','16:00:00','1','staff_06','nguyen thi  vip'),('2021-02-01','staff_02','09:00:00','22:00:00','1','staff_06','nguyen thi  B'),('2021-02-01','staff_03','11:00:00','21:00:00','1','staff_06','nguyen thi C'),('2021-02-01','staff_04','07:00:00','22:00:00','1','staff_06','nguyen thi  D'),('2021-02-01','staff_05','10:00:00','13:00:00','1','staff_06','thinh manager'),('2021-02-01','staff_06','04:00:00','17:00:00','1','staff_06','admin'),('2021-02-01','staff_07','11:00:00','19:00:00','1','staff_06','user service A'),('2021-02-01','staff_11','11:00:00','15:00:00','1','staff_06','new chang 23455'),('2021-02-01','staff_13','09:00:00','18:00:00','1','staff_06','new change 11'),('2021-02-01','staff_15','06:00:00','13:00:00','1','staff_06','new 1111'),('2021-02-02','staff_01','04:00:00','21:00:00','1','staff_06','nguyen thi  vip'),('2021-02-02','staff_02','04:00:00','15:00:00','1','staff_06','nguyen thi  B'),('2021-02-02','staff_03','09:00:00','17:00:00','1','staff_06','nguyen thi C'),('2021-02-02','staff_04','04:00:00','22:00:00','1','staff_06','nguyen thi  D'),('2021-02-02','staff_05','10:00:00','20:00:00','1','staff_05','thinh manager'),('2021-02-02','staff_06','07:00:00','21:00:00','1','staff_06','admin'),('2021-02-02','staff_07','06:00:00','17:00:00','1','staff_07','user service A'),('2021-02-02','staff_11','09:00:00','16:00:00','1','staff_11','new chang 23455'),('2021-02-02','staff_13','04:00:00','18:00:00','1','staff_13','new change 11'),('2021-02-02','staff_14','05:00:00','22:00:00','1','staff_14','14 dfdasfds'),('2021-02-02','staff_15','07:00:00','21:00:00','1','staff_15','new 1111'),('2021-02-03','staff_01','08:00:00','18:00:00','1','staff_01','nguyen thi  vip'),('2021-02-03','staff_02','08:00:00','16:00:00','1','staff_02','nguyen thi  B'),('2021-02-03','staff_03','08:00:00','17:00:00','1','staff_03','nguyen thi C'),('2021-02-03','staff_04','10:00:00','22:00:00','1','staff_04','nguyen thi  D'),('2021-02-03','staff_05','11:00:00','20:00:00','1','staff_05','thinh manager'),('2021-02-03','staff_06','08:00:00','22:00:00','1','staff_06','admin'),('2021-02-03','staff_07','07:00:00','15:00:00','1','staff_07','user service A'),('2021-02-03','staff_11','10:00:00','22:00:00','1','staff_11','new chang 23455'),('2021-02-03','staff_13','06:00:00','20:00:00','1','staff_13','new change 11'),('2021-02-03','staff_14','04:00:00','15:00:00','1','staff_14','14 dfdasfds'),('2021-02-03','staff_15','04:00:00','16:00:00','1','staff_15','new 1111'),('2021-02-04','staff_01','09:00:00','17:00:00','1','staff_01','nguyen thi  vip'),('2021-02-04','staff_02','09:00:00','15:00:00','1','staff_02','nguyen thi  B'),('2021-02-04','staff_03','09:00:00','21:00:00','1','staff_03','nguyen thi C'),('2021-02-04','staff_04','05:00:00','22:00:00','1','staff_04','nguyen thi  D'),('2021-02-04','staff_05','06:00:00','14:00:00','1','staff_05','thinh manager'),('2021-02-04','staff_06','07:00:00','18:00:00','1','staff_06','admin'),('2021-02-04','staff_07','05:00:00','14:00:00','1','staff_07','user service A'),('2021-02-04','staff_11','06:00:00','17:00:00','1','staff_11','new chang 23455'),('2021-02-04','staff_13','06:00:00','17:00:00','1','staff_13','new change 11'),('2021-02-04','staff_14','09:00:00','21:00:00','1','staff_14','14 dfdasfds'),('2021-02-04','staff_15','10:00:00','15:00:00','1','staff_15','new 1111'),('2021-02-05','staff_01','09:00:00','18:00:00','1','staff_01','nguyen thi  vip'),('2021-02-05','staff_02','10:00:00','21:00:00','1','staff_02','nguyen thi  B'),('2021-02-05','staff_03','08:00:00','16:00:00','1','staff_03','nguyen thi C'),('2021-02-05','staff_04','08:00:00','17:00:00','1','staff_04','nguyen thi  D'),('2021-02-05','staff_05','08:00:00','20:00:00','1','staff_05','thinh manager'),('2021-02-05','staff_06','11:00:00','13:00:00','1','staff_06','admin'),('2021-02-05','staff_07','05:00:00','21:00:00','1','staff_07','user service A'),('2021-02-05','staff_11','08:00:00','19:00:00','1','staff_11','new chang 23455'),('2021-02-05','staff_13','05:00:00','21:00:00','1','staff_13','new change 11'),('2021-02-05','staff_14','08:00:00','18:00:00','1','staff_14','14 dfdasfds'),('2021-02-05','staff_15','10:00:00','22:00:00','1','staff_15','new 1111'),('2021-02-06','staff_01','10:00:00','22:00:00','1','staff_01','nguyen thi  vip'),('2021-02-06','staff_02','10:00:00','19:00:00','1','staff_02','nguyen thi  B'),('2021-02-06','staff_03','09:00:00','13:00:00','1','staff_03','nguyen thi C'),('2021-02-06','staff_04','11:00:00','16:00:00','1','staff_04','nguyen thi  D'),('2021-02-06','staff_05','07:00:00','21:00:00','1','staff_05','thinh manager'),('2021-02-06','staff_06','04:00:00','21:00:00','1','staff_06','admin'),('2021-02-06','staff_07','11:00:00','18:00:00','1','staff_07','user service A'),('2021-02-06','staff_11','08:00:00','20:00:00','1','staff_11','new chang 23455'),('2021-02-06','staff_13','10:00:00','18:00:00','1','staff_13','new change 11'),('2021-02-06','staff_14','06:00:00','18:00:00','1','staff_14','14 dfdasfds'),('2021-02-06','staff_15','09:00:00','15:00:00','1','staff_15','new 1111'),('2021-02-07','staff_01','10:00:00','18:00:00','1','staff_01','nguyen thi  vip'),('2021-02-07','staff_02','08:00:00','21:00:00','1','staff_02','nguyen thi  B'),('2021-02-07','staff_03','11:00:00','19:00:00','1','staff_03','nguyen thi C'),('2021-02-07','staff_04','05:00:00','22:00:00','1','staff_04','nguyen thi  D'),('2021-02-07','staff_05','10:00:00','18:00:00','1','staff_05','thinh manager'),('2021-02-07','staff_06','05:00:00','13:00:00','1','staff_06','admin'),('2021-02-07','staff_07','08:00:00','20:00:00','1','staff_07','user service A'),('2021-02-07','staff_11','06:00:00','18:00:00','1','staff_11','new chang 23455'),('2021-02-07','staff_13','04:00:00','18:00:00','1','staff_13','new change 11'),('2021-02-07','staff_14','06:00:00','21:00:00','1','staff_14','14 dfdasfds'),('2021-02-07','staff_15','09:00:00','22:00:00','1','staff_15','new 1111'),('2021-02-08','staff_01','04:00:00','13:00:00','1','staff_01','nguyen thi  vip'),('2021-02-08','staff_02','05:00:00','13:00:00','1','staff_02','nguyen thi  B'),('2021-02-08','staff_03','09:00:00','17:00:00','1','staff_03','nguyen thi C'),('2021-02-08','staff_04','05:00:00','20:00:00','1','staff_04','nguyen thi  D'),('2021-02-08','staff_05','07:00:00','14:00:00','1','staff_05','thinh manager'),('2021-02-08','staff_06','09:00:00','20:00:00','1','staff_06','admin'),('2021-02-08','staff_07','06:00:00','15:00:00','1','staff_07','user service A'),('2021-02-08','staff_11','07:00:00','20:00:00','1','staff_11','new chang 23455'),('2021-02-08','staff_13','07:00:00','18:00:00','1','staff_13','new change 11'),('2021-02-08','staff_14','09:00:00','21:00:00','1','staff_14','14 dfdasfds'),('2021-02-08','staff_15','10:00:00','16:00:00','1','staff_15','new 1111'),('2021-02-09','staff_01','11:00:00','21:00:00','1','staff_01','nguyen thi  vip'),('2021-02-09','staff_02','10:00:00','21:00:00','1','staff_02','nguyen thi  B'),('2021-02-09','staff_03','04:00:00','18:00:00','1','staff_03','nguyen thi C'),('2021-02-09','staff_04','10:00:00','16:00:00','1','staff_04','nguyen thi  D'),('2021-02-09','staff_05','11:00:00','18:00:00','1','staff_05','thinh manager'),('2021-02-09','staff_06','07:00:00','15:00:00','1','staff_06','admin'),('2021-02-09','staff_07','05:00:00','16:00:00','1','staff_07','user service A'),('2021-02-09','staff_11','05:00:00','16:00:00','1','staff_11','new chang 23455'),('2021-02-09','staff_13','09:00:00','13:00:00','1','staff_13','new change 11'),('2021-02-09','staff_14','04:00:00','15:00:00','1','staff_14','14 dfdasfds'),('2021-02-09','staff_15','07:00:00','20:00:00','1','staff_15','new 1111'),('2021-02-09','staff_9','09:00:00','19:00:00','1','staff_06','new user03'),('2021-02-10','staff_01','09:00:00','16:00:00','1','staff_01','nguyen thi  vip'),('2021-02-10','staff_02','08:00:00','22:00:00','1','staff_02','nguyen thi  B'),('2021-02-10','staff_03','07:00:00','19:00:00','1','staff_03','nguyen thi C'),('2021-02-10','staff_04','06:00:00','13:00:00','1','staff_04','nguyen thi  D'),('2021-02-10','staff_05','10:00:00','17:00:00','1','staff_05','thinh manager'),('2021-02-10','staff_06','09:00:00','18:00:00','1','staff_06','admin'),('2021-02-10','staff_07','04:00:00','20:00:00','1','staff_07','user service A'),('2021-02-10','staff_11','09:00:00','22:00:00','1','staff_11','new chang 23455'),('2021-02-10','staff_13','10:00:00','13:00:00','1','staff_13','new change 11'),('2021-02-10','staff_14','09:00:00','17:00:00','1','staff_14','14 dfdasfds'),('2021-02-10','staff_15','11:00:00','18:00:00','1','staff_15','new 1111'),('2021-02-11','staff_01','09:00:00','14:00:00','1','staff_01','nguyen thi  vip'),('2021-02-11','staff_02','09:00:00','16:00:00','1','staff_02','nguyen thi  B'),('2021-02-11','staff_03','05:00:00','16:00:00','1','staff_03','nguyen thi C'),('2021-02-11','staff_04','05:00:00','15:00:00','1','staff_04','nguyen thi  D'),('2021-02-11','staff_05','04:00:00','20:00:00','1','staff_05','thinh manager'),('2021-02-11','staff_06','04:00:00','18:00:00','1','staff_06','admin'),('2021-02-11','staff_07','07:00:00','17:00:00','1','staff_07','user service A'),('2021-02-11','staff_11','04:00:00','20:00:00','1','staff_11','new chang 23455'),('2021-02-11','staff_13','09:00:00','13:00:00','1','staff_13','new change 11'),('2021-02-11','staff_14','09:00:00','16:00:00','1','staff_14','14 dfdasfds'),('2021-02-11','staff_15','11:00:00','16:00:00','1','staff_15','new 1111'),('2021-02-11','staff_9','08:00:00','19:00:00','1','staff_9','new user03'),('2021-02-12','staff_01','06:00:00','13:00:00','1','staff_01','nguyen thi  vip'),('2021-02-12','staff_02','05:00:00','18:00:00','1','staff_02','nguyen thi  B'),('2021-02-12','staff_03','10:00:00','16:00:00','1','staff_03','nguyen thi C'),('2021-02-12','staff_04','08:00:00','20:00:00','1','staff_04','nguyen thi  D'),('2021-02-12','staff_05','11:00:00','22:00:00','1','staff_05','thinh manager'),('2021-02-12','staff_06','08:00:00','14:00:00','1','staff_06','admin'),('2021-02-12','staff_07','07:00:00','14:00:00','1','staff_07','user service A'),('2021-02-12','staff_11','07:00:00','13:00:00','1','staff_11','new chang 23455'),('2021-02-12','staff_13','06:00:00','21:00:00','1','staff_13','new change 11'),('2021-02-12','staff_14','10:00:00','14:00:00','1','staff_14','14 dfdasfds'),('2021-02-12','staff_15','09:00:00','20:00:00','1','staff_15','new 1111'),('2021-02-12','staff_9','07:00:00','14:00:00','1','staff_9','new user03'),('2021-02-13','staff_01','08:00:00','20:00:00','1','staff_01','nguyen thi  vip'),('2021-02-13','staff_02','11:00:00','17:00:00','1','staff_02','nguyen thi  B'),('2021-02-13','staff_03','10:00:00','15:00:00','1','staff_03','nguyen thi C'),('2021-02-13','staff_04','07:00:00','17:00:00','1','staff_04','nguyen thi  D'),('2021-02-13','staff_05','04:00:00','15:00:00','1','staff_05','thinh manager'),('2021-02-13','staff_06','05:00:00','21:00:00','1','staff_06','admin'),('2021-02-13','staff_07','04:00:00','17:00:00','1','staff_07','user service A'),('2021-02-13','staff_11','05:00:00','14:00:00','1','staff_11','new chang 23455'),('2021-02-13','staff_13','10:00:00','21:00:00','1','staff_13','new change 11'),('2021-02-13','staff_14','06:00:00','21:00:00','1','staff_14','14 dfdasfds'),('2021-02-13','staff_15','08:00:00','16:00:00','1','staff_15','new 1111'),('2021-02-13','staff_19','05:00:00','21:00:00','1','staff_19','user1999'),('2021-02-14','staff_01','09:00:00','13:00:00','1','staff_01','nguyen thi  vip'),('2021-02-14','staff_02','04:00:00','19:00:00','1','staff_02','nguyen thi  B'),('2021-02-14','staff_03','08:00:00','20:00:00','1','staff_03','nguyen thi C'),('2021-02-14','staff_04','10:00:00','20:00:00','1','staff_04','nguyen thi  D'),('2021-02-14','staff_05','04:00:00','21:00:00','1','staff_05','thinh manager'),('2021-02-14','staff_06','04:00:00','17:00:00','1','staff_06','admin'),('2021-02-14','staff_07','09:00:00','14:00:00','1','staff_07','user service A'),('2021-02-14','staff_11','11:00:00','14:00:00','1','staff_11','new chang 23455'),('2021-02-14','staff_13','05:00:00','22:00:00','1','staff_13','new change 11'),('2021-02-14','staff_14','10:00:00','15:00:00','1','staff_14','14 dfdasfds'),('2021-02-14','staff_15','05:00:00','17:00:00','1','staff_15','new 1111'),('2021-02-14','staff_19','06:00:00','19:00:00','1','staff_19','user1999'),('2021-02-15','staff_01','10:00:00','21:00:00','1','staff_01','nguyen thi  vip'),('2021-02-15','staff_02','11:00:00','21:00:00','1','staff_02','nguyen thi  B'),('2021-02-15','staff_03','05:00:00','13:00:00','1','staff_03','nguyen thi C'),('2021-02-15','staff_04','11:00:00','15:00:00','1','staff_04','nguyen thi  D'),('2021-02-15','staff_05','11:00:00','21:00:00','1','staff_05','thinh manager'),('2021-02-15','staff_06','11:00:00','14:00:00','1','staff_06','admin'),('2021-02-15','staff_07','09:00:00','14:00:00','1','staff_07','user service A'),('2021-02-15','staff_11','04:00:00','19:00:00','1','staff_11','new chang 23455'),('2021-02-15','staff_13','07:00:00','16:00:00','1','staff_13','new change 11'),('2021-02-15','staff_14','10:00:00','14:00:00','1','staff_14','14 dfdasfds'),('2021-02-15','staff_15','07:00:00','17:00:00','1','staff_15','new 1111'),('2021-02-15','staff_19','10:00:00','21:00:00','1','staff_19','user1999'),('2021-02-16','staff_01','05:00:00','14:00:00','1','staff_01','nguyen thi  vip'),('2021-02-16','staff_02','04:00:00','18:00:00','1','staff_02','nguyen thi  B'),('2021-02-16','staff_03','06:00:00','13:00:00','1','staff_03','nguyen thi C'),('2021-02-16','staff_04','06:00:00','20:00:00','1','staff_04','nguyen thi  D'),('2021-02-16','staff_05','11:00:00','17:00:00','1','staff_05','thinh manager'),('2021-02-16','staff_06','11:00:00','15:00:00','1','staff_06','admin'),('2021-02-16','staff_07','07:00:00','20:00:00','1','staff_07','user service A'),('2021-02-16','staff_11','04:00:00','15:00:00','1','staff_11','new chang 23455'),('2021-02-16','staff_13','09:00:00','20:00:00','1','staff_13','new change 11'),('2021-02-16','staff_14','11:00:00','18:00:00','1','staff_14','14 dfdasfds'),('2021-02-16','staff_15','11:00:00','13:00:00','1','staff_15','new 1111'),('2021-02-16','staff_19','04:00:00','14:00:00','1','staff_19','user1999'),('2021-02-17','staff_01','06:00:00','19:00:00','1','staff_01','nguyen thi  vip'),('2021-02-17','staff_02','10:00:00','22:00:00','1','staff_02','nguyen thi  B'),('2021-02-17','staff_03','09:00:00','16:00:00','1','staff_03','nguyen thi C'),('2021-02-17','staff_04','04:00:00','13:00:00','1','staff_04','nguyen thi  D'),('2021-02-17','staff_05','05:00:00','22:00:00','1','staff_05','thinh manager'),('2021-02-17','staff_06','05:00:00','19:00:00','1','staff_06','admin'),('2021-02-17','staff_07','07:00:00','14:00:00','1','staff_07','user service A'),('2021-02-17','staff_11','08:00:00','13:00:00','1','staff_11','new chang 23455'),('2021-02-17','staff_13','10:00:00','21:00:00','1','staff_13','new change 11'),('2021-02-17','staff_14','09:00:00','18:00:00','1','staff_14','14 dfdasfds'),('2021-02-17','staff_15','07:00:00','18:00:00','1','staff_15','new 1111'),('2021-02-17','staff_9','05:00:00','20:00:00','1','staff_9','new user03'),('2021-02-18','staff_01','10:00:00','16:00:00','1','staff_01','nguyen thi  vip'),('2021-02-18','staff_02','07:00:00','21:00:00','1','staff_02','nguyen thi  B'),('2021-02-18','staff_03','06:00:00','18:00:00','1','staff_03','nguyen thi C'),('2021-02-18','staff_04','04:00:00','16:00:00','1','staff_04','nguyen thi  D'),('2021-02-18','staff_05','09:00:00','15:00:00','1','staff_05','thinh manager'),('2021-02-18','staff_06','07:00:00','19:00:00','1','staff_06','admin'),('2021-02-18','staff_07','08:00:00','20:00:00','1','staff_07','user service A'),('2021-02-18','staff_11','07:00:00','15:00:00','1','staff_11','new chang 23455'),('2021-02-18','staff_13','05:00:00','18:00:00','1','staff_13','new change 11'),('2021-02-18','staff_14','09:00:00','13:00:00','1','staff_14','14 dfdasfds'),('2021-02-18','staff_15','04:00:00','22:00:00','1','staff_15','new 1111'),('2021-02-18','staff_19','04:00:00','20:00:00','1','staff_19','user1999'),('2021-02-19','staff_01','11:00:00','22:00:00','1','staff_01','nguyen thi  vip'),('2021-02-19','staff_02','10:00:00','20:00:00','1','staff_02','nguyen thi  B'),('2021-02-19','staff_03','07:00:00','22:00:00','1','staff_03','nguyen thi C'),('2021-02-19','staff_04','06:00:00','13:00:00','1','staff_04','nguyen thi  D'),('2021-02-19','staff_05','07:00:00','18:00:00','1','staff_05','thinh manager'),('2021-02-19','staff_06','06:00:00','17:00:00','1','staff_06','admin'),('2021-02-19','staff_07','10:00:00','20:00:00','1','staff_07','user service A'),('2021-02-19','staff_11','11:00:00','20:00:00','1','staff_11','new chang 23455'),('2021-02-19','staff_13','06:00:00','18:00:00','1','staff_13','new change 11'),('2021-02-19','staff_14','06:00:00','16:00:00','1','staff_14','14 dfdasfds'),('2021-02-19','staff_15','10:00:00','22:00:00','1','staff_15','new 1111'),('2021-02-19','staff_9','10:00:00','16:00:00','1','staff_9','new user03'),('2021-02-20','staff_01','08:00:00','13:00:00','1','staff_01','nguyen thi  vip'),('2021-02-20','staff_02','09:00:00','16:00:00','1','staff_02','nguyen thi  B'),('2021-02-20','staff_03','08:00:00','18:00:00','1','staff_03','nguyen thi C'),('2021-02-20','staff_04','08:00:00','17:00:00','1','staff_04','nguyen thi  D'),('2021-02-20','staff_05','04:00:00','14:00:00','1','staff_05','thinh manager'),('2021-02-20','staff_06','08:00:00','15:00:00','1','staff_06','admin'),('2021-02-20','staff_07','09:00:00','19:00:00','1','staff_07','user service A'),('2021-02-20','staff_11','11:00:00','20:00:00','1','staff_11','new chang 23455'),('2021-02-20','staff_13','11:00:00','13:00:00','1','staff_13','new change 11'),('2021-02-20','staff_14','06:00:00','15:00:00','1','staff_14','14 dfdasfds'),('2021-02-20','staff_15','08:00:00','14:00:00','1','staff_15','new 1111'),('2021-02-20','staff_9','11:00:00','22:00:00','1','staff_9','new user03'),('2021-02-21','staff_01','08:00:00','20:00:00','1','staff_01','nguyen thi  vip'),('2021-02-21','staff_02','04:00:00','18:00:00','1','staff_02','nguyen thi  B'),('2021-02-21','staff_03','08:00:00','20:00:00','1','staff_03','nguyen thi C'),('2021-02-21','staff_04','06:00:00','19:00:00','1','staff_04','nguyen thi  D'),('2021-02-21','staff_05','11:00:00','20:00:00','1','staff_05','thinh manager'),('2021-02-21','staff_06','10:00:00','20:00:00','1','staff_06','admin'),('2021-02-21','staff_07','09:00:00','17:00:00','1','staff_07','user service A'),('2021-02-21','staff_11','05:00:00','18:00:00','1','staff_11','new chang 23455'),('2021-02-21','staff_13','09:00:00','16:00:00','1','staff_13','new change 11'),('2021-02-21','staff_14','06:00:00','19:00:00','1','staff_14','14 dfdasfds'),('2021-02-21','staff_15','10:00:00','20:00:00','1','staff_15','new 1111'),('2021-02-21','staff_19','05:00:00','20:00:00','1','staff_19','user1999'),('2021-02-22','staff_01','10:00:00','16:00:00','1','staff_01','nguyen thi  vip'),('2021-02-22','staff_02','04:00:00','14:00:00','1','staff_02','nguyen thi  B'),('2021-02-22','staff_03','08:00:00','21:00:00','1','staff_03','nguyen thi C'),('2021-02-22','staff_04','07:00:00','19:00:00','1','staff_04','nguyen thi  D'),('2021-02-22','staff_05','10:00:00','21:00:00','1','staff_05','thinh manager'),('2021-02-22','staff_06','04:00:00','13:00:00','1','staff_06','admin'),('2021-02-22','staff_07','07:00:00','20:00:00','1','staff_07','user service A'),('2021-02-22','staff_11','08:00:00','17:00:00','1','staff_11','new chang 23455'),('2021-02-22','staff_13','11:00:00','21:00:00','1','staff_13','new change 11'),('2021-02-22','staff_14','05:00:00','20:00:00','1','staff_14','14 dfdasfds'),('2021-02-22','staff_15','08:00:00','22:00:00','1','staff_15','new 1111'),('2021-02-22','staff_19','07:00:00','13:00:00','1','staff_19','user1999'),('2021-02-23','staff_01','09:00:00','21:00:00','1','staff_01','nguyen thi  vip'),('2021-02-23','staff_02','09:00:00','18:00:00','1','staff_02','nguyen thi  B'),('2021-02-23','staff_03','06:00:00','17:00:00','1','staff_03','nguyen thi C'),('2021-02-23','staff_04','10:00:00','17:00:00','1','staff_04','nguyen thi  D'),('2021-02-23','staff_05','08:00:00','17:00:00','1','staff_05','thinh manager'),('2021-02-23','staff_06','11:00:00','18:00:00','1','staff_06','admin'),('2021-02-23','staff_07','04:00:00','13:00:00','1','staff_07','user service A'),('2021-02-23','staff_11','08:00:00','22:00:00','1','staff_11','new chang 23455'),('2021-02-23','staff_13','06:00:00','13:00:00','1','staff_13','new change 11'),('2021-02-23','staff_14','10:00:00','17:00:00','1','staff_14','14 dfdasfds'),('2021-02-23','staff_15','07:00:00','15:00:00','1','staff_15','new 1111'),('2021-02-23','staff_19','05:00:00','13:00:00','1','staff_19','user1999'),('2021-02-24','staff_01','07:00:00','17:00:00','1','staff_01','nguyen thi  vip'),('2021-02-24','staff_02','07:00:00','18:00:00','1','staff_02','nguyen thi  B'),('2021-02-24','staff_03','05:00:00','14:00:00','1','staff_03','nguyen thi C'),('2021-02-24','staff_04','11:00:00','19:00:00','1','staff_04','nguyen thi  D'),('2021-02-24','staff_05','11:00:00','15:00:00','1','staff_05','thinh manager'),('2021-02-24','staff_06','06:00:00','13:00:00','1','staff_06','admin'),('2021-02-24','staff_07','09:00:00','14:00:00','1','staff_07','user service A'),('2021-02-24','staff_11','06:00:00','22:00:00','1','staff_11','new chang 23455'),('2021-02-24','staff_13','07:00:00','20:00:00','1','staff_13','new change 11'),('2021-02-24','staff_14','07:00:00','19:00:00','1','staff_14','14 dfdasfds'),('2021-02-24','staff_15','05:00:00','17:00:00','1','staff_15','new 1111'),('2021-02-24','staff_19','08:00:00','13:00:00','1','staff_19','user1999'),('2021-02-25','staff_01','05:00:00','14:00:00','1','staff_01','nguyen thi  vip'),('2021-02-25','staff_02','04:00:00','22:00:00','1','staff_02','nguyen thi  B'),('2021-02-25','staff_03','10:00:00','20:00:00','1','staff_03','nguyen thi C'),('2021-02-25','staff_04','07:00:00','17:00:00','1','staff_04','nguyen thi  D'),('2021-02-25','staff_05','05:00:00','20:00:00','1','staff_05','thinh manager'),('2021-02-25','staff_06','05:00:00','19:00:00','1','staff_06','admin'),('2021-02-25','staff_07','06:00:00','15:00:00','1','staff_07','user service A'),('2021-02-25','staff_11','07:00:00','14:00:00','1','staff_11','new chang 23455'),('2021-02-25','staff_13','06:00:00','22:00:00','1','staff_13','new change 11'),('2021-02-25','staff_14','05:00:00','19:00:00','1','staff_14','14 dfdasfds'),('2021-02-25','staff_15','05:00:00','13:00:00','1','staff_15','new 1111'),('2021-02-25','staff_7','11:00:00','15:00:00','1','staff_7','new user01'),('2021-02-25','staff_9','09:00:00','17:00:00','1','staff_9','new user03'),('2021-02-26','staff_01','05:00:00','22:00:00','1','staff_06','nguyen thi  vip'),('2021-02-26','staff_02','11:00:00','15:00:00','1','staff_06','nguyen thi  B'),('2021-02-26','staff_03','09:00:00','21:00:00','1','staff_06','nguyen thi C'),('2021-02-26','staff_04','09:00:00','22:00:00','1','staff_06','nguyen thi  D'),('2021-02-26','staff_05','09:00:00','16:00:00','1','staff_06','thinh manager'),('2021-02-26','staff_06','08:00:00','22:00:00','1','staff_06','admin'),('2021-02-26','staff_07','07:00:00','22:00:00','1','staff_06','user service A'),('2021-02-26','staff_11','07:00:00','20:00:00','1','staff_06','new chang 23455'),('2021-02-26','staff_13','11:00:00','19:00:00','1','staff_06','new change 11'),('2021-02-26','staff_14','09:00:00','20:00:00','1','staff_06','14 dfdasfds'),('2021-02-26','staff_15','09:00:00','17:00:00','1','staff_06','new 1111'),('2021-02-26','staff_7','11:00:00','20:00:00','1','staff_06','new user01'),('2021-02-26','staff_9','11:00:00','20:00:00','1','staff_06','new user03'),('2021-02-27','staff_01','11:00:00','15:00:00','1','staff_01','nguyen thi  vip'),('2021-02-27','staff_02','11:00:00','18:00:00','1','staff_02','nguyen thi  B'),('2021-02-27','staff_03','07:00:00','16:00:00','1','staff_03','nguyen thi C'),('2021-02-27','staff_04','05:00:00','13:00:00','1','staff_04','nguyen thi  D'),('2021-02-27','staff_05','07:00:00','17:00:00','1','staff_05','thinh manager'),('2021-02-27','staff_06','10:00:00','13:00:00','1','staff_06','admin'),('2021-02-27','staff_07','05:00:00','21:00:00','1','staff_07','user service A'),('2021-02-27','staff_11','05:00:00','15:00:00','1','staff_11','new chang 23455'),('2021-02-27','staff_13','09:00:00','13:00:00','1','staff_13','new change 11'),('2021-02-27','staff_14','08:00:00','17:00:00','1','staff_14','14 dfdasfds'),('2021-02-27','staff_15','08:00:00','16:00:00','1','staff_15','new 1111'),('2021-02-27','staff_19','09:00:00','14:00:00','1','staff_19','user1999'),('2021-03-01','staff_01','21:51:21','21:51:21','1','staff_01','nguyen thi  vip'),('2021-03-01','staff_02','21:51:21','21:51:21','1','staff_02','nguyen thi  B'),('2021-03-01','staff_03','21:51:21','21:51:21','1','staff_03','nguyen thi C'),('2021-03-01','staff_04','21:51:21','21:51:21','1','staff_04','nguyen thi  D'),('2021-03-01','staff_05','21:51:21','21:51:21','1','staff_05','thinh manager'),('2021-03-01','staff_06','21:51:21','21:51:21','1','staff_06','admin'),('2021-03-01','staff_07','21:51:21','21:51:21','1','staff_07','user service A'),('2021-03-01','staff_11','21:51:21','21:51:21','1','staff_11','new chang 23455'),('2021-03-01','staff_13','21:51:21','21:51:21','1','staff_13','new change 11'),('2021-03-01','staff_14','21:51:21','21:51:21','1','staff_14','14 dfdasfds'),('2021-03-01','staff_15','21:51:21','21:51:21','1','staff_15','new 1111'),('2021-03-01','staff_19','21:51:21','21:51:21','1','staff_19','user1999'),('2021-03-02','staff_01','21:51:19','21:51:19','1','staff_01','nguyen thi  vip'),('2021-03-02','staff_02','21:51:19','21:51:19','1','staff_02','nguyen thi  B'),('2021-03-02','staff_03','21:51:19','21:51:19','1','staff_03','nguyen thi C'),('2021-03-02','staff_04','21:51:19','21:51:19','1','staff_04','nguyen thi  D'),('2021-03-02','staff_05','21:51:19','21:51:19','1','staff_05','thinh manager'),('2021-03-02','staff_06','21:51:19','21:51:19','1','staff_06','admin'),('2021-03-02','staff_07','21:51:19','21:51:19','1','staff_07','user service A'),('2021-03-02','staff_11','21:51:19','21:51:19','1','staff_11','new chang 23455'),('2021-03-02','staff_13','21:51:19','21:51:19','1','staff_13','new change 11'),('2021-03-02','staff_14','21:51:19','21:51:19','1','staff_14','14 dfdasfds'),('2021-03-02','staff_15','21:51:19','21:51:19','1','staff_15','new 1111'),('2021-03-02','staff_19','21:51:19','21:51:19','1','staff_19','user1999'),('2021-03-03','staff_01','21:49:40','21:49:40','1','staff_01','nguyen thi  vip'),('2021-03-03','staff_02','21:49:40','21:49:40','1','staff_02','nguyen thi  B'),('2021-03-03','staff_03','21:49:41','21:49:41','1','staff_03','nguyen thi C'),('2021-03-03','staff_04','21:49:41','21:49:41','1','staff_04','nguyen thi  D'),('2021-03-03','staff_05','21:49:41','21:49:41','1','staff_05','thinh manager'),('2021-03-03','staff_06','21:49:41','21:49:41','1','staff_06','admin'),('2021-03-03','staff_07','21:49:41','21:49:41','1','staff_07','user service A'),('2021-03-03','staff_11','21:49:41','21:49:41','1','staff_11','new chang 23455'),('2021-03-03','staff_13','21:49:41','21:49:41','1','staff_13','new change 11'),('2021-03-03','staff_14','21:49:41','21:49:41','1','staff_14','14 dfdasfds'),('2021-03-03','staff_15','21:49:41','21:49:41','1','staff_15','new 1111'),('2021-03-03','staff_19','21:49:41','21:49:41','1','staff_19','user1999'),('2021-03-04','staff_01','21:51:14','21:51:14','1','staff_01','nguyen thi  vip'),('2021-03-04','staff_02','21:51:14','21:51:14','1','staff_02','nguyen thi  B'),('2021-03-04','staff_03','21:51:14','21:51:14','1','staff_03','nguyen thi C'),('2021-03-04','staff_04','21:51:14','21:51:14','1','staff_04','nguyen thi  D'),('2021-03-04','staff_05','21:51:14','21:51:14','1','staff_05','thinh manager'),('2021-03-04','staff_06','21:51:15','21:51:15','1','staff_06','admin'),('2021-03-04','staff_07','21:51:15','21:51:15','1','staff_07','user service A'),('2021-03-04','staff_11','21:51:15','21:51:15','1','staff_11','new chang 23455'),('2021-03-04','staff_13','21:51:15','21:51:15','1','staff_13','new change 11'),('2021-03-04','staff_14','21:51:15','21:51:15','1','staff_14','14 dfdasfds'),('2021-03-04','staff_15','21:51:15','21:51:15','1','staff_15','new 1111'),('2021-03-04','staff_19','21:51:15','21:51:15','1','staff_19','user1999'),('2021-03-05','staff_01','09:40:22','21:40:22','1','staff_06','nguyen thi  vip'),('2021-03-05','staff_02','21:40:22','21:40:22','1','staff_02','nguyen thi  B'),('2021-03-05','staff_03','21:40:22','21:40:22','1','staff_03','nguyen thi C'),('2021-03-05','staff_04','21:40:22','21:40:22','1','staff_04','nguyen thi  D'),('2021-03-05','staff_05','21:40:22','21:40:22','1','staff_05','thinh manager'),('2021-03-05','staff_06','21:40:22','21:40:22','1','staff_06','admin'),('2021-03-05','staff_07','21:40:22','21:40:22','1','staff_07','user service A'),('2021-03-05','staff_11','21:40:22','21:40:22','1','staff_11','new chang 23455'),('2021-03-05','staff_13','21:40:22','21:40:22','1','staff_13','new change 11'),('2021-03-05','staff_14','21:40:22','21:40:22','1','staff_14','14 dfdasfds'),('2021-03-05','staff_15','21:40:22','21:40:22','1','staff_15','new 1111'),('2021-03-05','staff_19','21:40:22','21:40:22','1','staff_19','user1999'),('2021-03-06','staff_01','09:40:40','21:40:40','1','staff_06','nguyen thi  vip'),('2021-03-06','staff_02','09:40:40','21:40:40','1','staff_06','nguyen thi  B'),('2021-03-06','staff_03','21:40:41','21:40:41','1','staff_03','nguyen thi C'),('2021-03-06','staff_04','21:40:41','21:40:41','1','staff_04','nguyen thi  D'),('2021-03-06','staff_05','21:40:41','21:40:41','1','staff_05','thinh manager'),('2021-03-06','staff_06','21:40:41','21:40:41','1','staff_06','admin'),('2021-03-06','staff_07','21:40:41','21:40:41','1','staff_07','user service A'),('2021-03-06','staff_11','21:40:41','21:40:41','1','staff_11','new chang 23455'),('2021-03-06','staff_13','21:40:41','21:40:41','1','staff_13','new change 11'),('2021-03-06','staff_14','21:40:41','21:40:41','1','staff_14','14 dfdasfds'),('2021-03-06','staff_15','21:40:41','21:40:41','1','staff_15','new 1111'),('2021-03-06','staff_19','21:40:41','21:40:41','1','staff_19','user1999'),('2021-03-16','staff_01','21:19:31','21:19:31','1','staff_01','nguyen thi  vip'),('2021-03-16','staff_02','21:19:31','21:19:31','1','staff_02','nguyen thi  B'),('2021-03-16','staff_03','21:19:31','21:19:31','1','staff_03','nguyen thi C'),('2021-03-16','staff_04','21:19:31','21:19:31','1','staff_04','nguyen thi  D'),('2021-03-16','staff_05','21:19:31','21:19:31','1','staff_05','thinh manager'),('2021-03-16','staff_06','21:19:31','21:19:31','1','staff_06','admin'),('2021-03-16','staff_07','21:19:31','21:19:31','1','staff_07','user service A'),('2021-03-16','staff_11','21:19:31','21:19:31','1','staff_11','new chang 23455'),('2021-03-16','staff_13','21:19:31','21:19:31','1','staff_13','new change 11'),('2021-03-16','staff_14','21:19:31','21:19:31','1','staff_14','14 dfdasfds'),('2021-03-16','staff_15','21:19:31','21:19:31','1','staff_15','new 1111'),('2021-03-16','staff_19','21:19:31','21:19:31','1','staff_19','user1999'),('2021-03-17','staff_01','07:27:13','07:27:13','1','staff_01','nguyen thi  vip'),('2021-03-17','staff_02','07:27:13','07:27:13','1','staff_02','nguyen thi  B'),('2021-03-17','staff_03','07:27:13','07:27:13','1','staff_03','nguyen thi C'),('2021-03-17','staff_04','07:27:13','07:27:13','1','staff_04','nguyen thi  D'),('2021-03-17','staff_05','07:27:13','07:27:13','1','staff_05','thinh manager'),('2021-03-17','staff_06','07:27:13','07:27:13','1','staff_06','admin'),('2021-03-17','staff_07','07:27:13','07:27:13','1','staff_07','user service A'),('2021-03-17','staff_11','07:27:14','07:27:14','1','staff_11','new chang 23455'),('2021-03-17','staff_13','07:27:14','07:27:14','1','staff_13','new change 11'),('2021-03-17','staff_14','07:27:14','07:27:14','1','staff_14','14 dfdasfds'),('2021-03-17','staff_15','07:27:14','07:27:14','1','staff_15','new 1111'),('2021-03-17','staff_19','07:27:14','07:27:14','1','staff_19','user1999'),('2021-03-22','staff_01','07:27:11','19:27:11','1','staff_06','nguyen thi  vip'),('2021-03-22','staff_02','07:27:11','19:27:11','1','staff_06','nguyen thi  B'),('2021-03-22','staff_03','07:27:11','19:27:11','1','staff_06','nguyen thi C'),('2021-03-22','staff_04','07:27:11','07:27:11','1','staff_04','nguyen thi  D'),('2021-03-22','staff_05','07:27:11','07:27:11','1','staff_05','thinh manager'),('2021-03-22','staff_06','07:27:11','07:27:11','1','staff_06','admin'),('2021-03-22','staff_07','07:27:11','07:27:11','1','staff_07','user service A'),('2021-03-22','staff_11','07:27:11','07:27:11','1','staff_11','new chang 23455'),('2021-03-22','staff_13','07:27:11','07:27:11','1','staff_13','new change 11'),('2021-03-22','staff_14','07:27:11','07:27:11','1','staff_14','14 dfdasfds'),('2021-03-22','staff_15','07:27:11','07:27:11','1','staff_15','new 1111'),('2021-03-22','staff_19','07:27:11','07:27:11','1','staff_19','user1999'),('2021-03-23','staff_01','09:15:24','21:15:24','1','staff_06','nguyen thi  vip'),('2021-03-23','staff_02','09:15:24','14:15:24','late time','staff_06','nguyen thi  B'),('2021-03-23','staff_03','21:15:24','21:15:24','1','staff_03','nguyen thi C'),('2021-03-23','staff_04','21:15:24','21:15:24','1','staff_04','nguyen thi  D'),('2021-03-23','staff_05','21:15:24','21:15:24','1','staff_05','thinh manager'),('2021-03-23','staff_06','21:15:24','21:15:24','1','staff_06','admin'),('2021-03-23','staff_07','21:15:24','21:15:24','1','staff_07','user service A'),('2021-03-23','staff_11','21:15:24','21:15:24','1','staff_11','new chang 23455'),('2021-03-23','staff_13','21:15:24','21:15:24','1','staff_13','new change 11'),('2021-03-23','staff_14','21:15:24','21:15:24','1','staff_14','14 dfdasfds'),('2021-03-23','staff_15','21:15:24','21:15:24','1','staff_15','new 1111'),('2021-03-23','staff_19','21:15:24','21:15:24','1','staff_19','user1999'),('2021-03-29','staff_01','07:27:16','07:27:16','1','staff_01','nguyen thi  vip'),('2021-03-29','staff_02','07:27:16','07:27:16','1','staff_02','nguyen thi  B'),('2021-03-29','staff_03','07:27:16','07:27:16','1','staff_03','nguyen thi C'),('2021-03-29','staff_04','07:27:16','07:27:16','1','staff_04','nguyen thi  D'),('2021-03-29','staff_05','07:27:16','07:27:16','1','staff_05','thinh manager'),('2021-03-29','staff_06','07:27:16','07:27:16','1','staff_06','admin'),('2021-03-29','staff_07','07:27:16','07:27:16','1','staff_07','user service A'),('2021-03-29','staff_11','07:27:16','07:27:16','1','staff_11','new chang 23455'),('2021-03-29','staff_13','07:27:16','07:27:16','1','staff_13','new change 11'),('2021-03-29','staff_14','07:27:16','07:27:16','1','staff_14','14 dfdasfds'),('2021-03-29','staff_15','07:27:16','07:27:16','1','staff_15','new 1111'),('2021-03-29','staff_19','07:27:16','07:27:16','1','staff_19','user1999');
INSERT INTO `ticketbooking` (`idticketbooking`, `iduserrentroom`, `usernamerentroom`, `timestamprent`, `idstaffreception`, `numberroom`, `numberinroom`, `status`) VALUES ('2021-02-21T15:33:52.285145400','23423','data.nameRent','2021-02-21 08:33:52','staff_02',2,2,'Off'),('2021-02-21T15:46:02.867308900','22323','sddsaas','2021-02-21 08:46:03','staff_02',1,3,'Off'),('2021-02-21T16:31:01.102493100','232323','thinh','2021-02-21 09:31:01','staff_02',10,5,'Off'),('2021-02-21T23:57:19.711801','2323','eeeeeeeeee','2021-02-21 16:57:20','staff_02',3,3,'Off'),('2021-02-23T00:10:39.172618600','2234123','vien ngov','2021-02-22 17:10:39','staff_02',8,2,'Off'),('2021-02-23T13:30:29.044613400','32322','toi test','2021-02-23 06:30:29','staff_02',2,4,'Off'),('2021-02-23T13:42:34.573627100','122232','test hnuya nek','2021-02-23 06:42:35','staff_02',2,3,'Off'),('2021-02-23T14:21:57.677331400','3233','yyyy','2021-02-23 07:21:58','staff_02',2,4,'Off'),('2021-02-23T22:19:25.351705700','223233','muon 3','2021-02-23 15:19:25','staff_02',3,7,'Off'),('2021-02-24T01:08:42.530350800','222332','toi ngu luon','2021-02-23 18:08:43','staff_02',7,9,'Off'),('2021-02-24T22:33:05.023939500','234224','khach vang lai','2021-02-24 15:33:05','staff_02',1,3,'Off'),('2021-02-24T22:50:58.768480400','324234','fgdafgd','2021-02-24 15:50:59','staff_02',2,4,'Off'),('2021-02-24T22:51:57.123853200','32324','thinh','2021-02-24 15:51:57','staff_02',10,7,'Off'),('2021-02-24T23:06:44.813961600','3434','55','2021-02-24 16:06:45','staff_02',4,4,'Off'),('2021-02-24T23:09:22.135111800','232323','khach a','2021-02-24 16:09:22','staff_02',5,4,'Off'),('2021-02-24T23:09:34.727253800','233223','ffff','2021-02-24 16:09:35','staff_02',9,8,'Off'),('2021-02-24T23:36:45.886701300','2123','khach 7','2021-02-24 16:36:46','staff_02',7,4,'Off'),('2021-02-24T23:47:56.480227600','2332','thinh22','2021-02-24 16:47:56','staff_02',10,3,'Off'),('2021-02-26T10:11:57.825156800','234232','ngoc diep','2021-02-26 03:11:58','staff_02',3,3,'Off'),('2021-02-26T19:33:54.339983600','4343444','A Nam','2021-02-26 12:33:54','staff_02',1,4,'Off'),('2021-02-27T10:11:39.949310300','23423423','test ','2021-02-27 03:11:40','staff_02',2,3,'Off'),('2021-02-27T10:11:48.345373700','345333','sddsfdsf','2021-02-27 03:11:48','staff_02',6,4,'Off'),('2021-02-28T17:35:21.114373100','23432','khach','2021-02-28 10:35:21','staff_07',10,7,'Off'),('2021-02-28T17:35:27.463565700','324323','abc','2021-02-28 10:35:27','staff_07',4,5,'Off'),('2021-02-28T17:35:40.113639800','2342','avc','2021-02-28 10:35:40','staff_07',9,6,'Off'),('2021-02-28T17:36:50.987915600','2342','sdffsa','2021-02-28 10:36:51','staff_07',1,4,'Off'),('2021-02-28T17:37:01.773682200','2332','ffff','2021-02-28 10:37:02','staff_07',5,4,'Off'),('2021-03-06T21:48:46.471055700','234234','abc','2021-03-06 14:48:46','staff_02',2,4,'Off'),('2021-03-06T21:48:56.180230100','456342','thinh','2021-03-06 14:48:56','staff_02',7,5,'Off'),('2021-03-06T22:22:03.424705','63453453','thinh db','2021-03-06 15:22:03','staff_02',6,5,'Off'),('2021-03-29T19:28:13.208168300','34535334','A Nam','2021-03-29 12:28:13','staff_02',1,6,'Off'),('2021-03-29T19:28:29.448026300','34556433','A Bi','2021-03-29 12:28:29','staff_02',5,4,'On'),('2021-03-29T19:28:47.567861500','5675644','Chi Van','2021-03-29 12:28:48','staff_02',10,2,'Off'),('2021-03-29T19:43:47.631300','32423232','khtn group','2021-03-29 12:43:48','staff_02',9,4,'Off'),('2021-03-29T21:03:24.807725700','34524344','Anh Khai','2021-03-29 14:03:25','staff_02',9,5,'Off'),('2021-06-04T01:38:25.053690500','2232323','eeeee','2021-06-03 18:38:25','staff_02',4,5,'Off'),('2021-06-08T08:33:56.392071200','4322332','Anh k','2021-06-08 01:33:56','staff_02',2,3,'On'),('2021-06-10T12:44:00.511652200','232323','S AAAA','2021-06-10 05:44:01','staff_02',7,4,'On');
INSERT INTO `detailservices` (`idticketbooking`, `idproduct`, `idstaffservicesrepo`, `amount`, `startrent`, `endrent`, `status`, `sumaryservices`) VALUES ('2021-02-21T15:46:02.867308900','6','staff_07',1,'2021-02-21 17:33:37','2021-02-21 08:33:44','Done',23400),('2021-02-21T15:46:02.867308900','7','staff_07',1,'2021-02-22 14:24:48','2021-02-21 08:33:44','Done',24000),('2021-02-21T15:46:02.867308900','9','staff_07',1,'2021-02-22 14:24:50','2021-02-21 08:33:44','Done',65000),('2021-02-21T16:31:01.102493100','1','staff_02',4,'2021-02-21 08:33:44','2021-02-22 17:12:32','Done',120000),('2021-02-21T16:31:01.102493100','10','staff_02',2,'2021-02-21 08:33:44','2021-02-23 18:06:29','Done',13000),('2021-02-21T16:31:01.102493100','7','staff_07',1,'2021-02-23 18:07:06','2021-02-21 08:33:44','Done',24000),('2021-02-21T23:57:19.711801','10','staff_02',3,'2021-02-23 15:15:29','2021-02-23 15:17:17','Done',19500),('2021-02-21T23:57:19.711801','13','staff_02',5,'2021-02-21 08:33:44','2021-02-23 07:42:46','Done',2250000),('2021-02-21T23:57:19.711801','2','staff_02',4,'2021-02-21 08:33:44','2021-02-23 15:17:19','Done',60000),('2021-02-23T00:10:39.172618600','11','staff_07',1,'2021-02-24 14:25:53','2021-02-21 08:33:44','Done',500000),('2021-02-23T00:10:39.172618600','5','staff_07',3,'2021-02-23 06:56:00','2021-02-21 08:33:44','Done',75000),('2021-02-23T00:10:39.172618600','6','staff_07',2,'2021-02-23 06:56:00','2021-02-21 08:33:44','Done',46800),('2021-02-24T22:33:05.023939500','10','staff_02',1,'2021-02-24 15:33:10','2021-02-24 15:46:33','Done',6500),('2021-02-24T22:33:05.023939500','11','staff_02',1,'2021-02-24 15:39:44','2021-02-24 15:46:36','Done',500000),('2021-02-24T22:33:05.023939500','12','staff_07',1,'2021-02-24 15:33:12','2021-02-21 08:33:44','Done',300000),('2021-02-24T22:33:05.023939500','5','staff_02',1,'2021-02-24 15:33:13','2021-02-24 15:46:38','Done',25000),('2021-02-24T22:50:58.768480400','10','staff_02',2,'2021-02-21 08:33:44','2021-02-24 15:51:16','Done',13000),('2021-02-24T22:50:58.768480400','11','staff_02',1,'2021-02-24 15:51:08','2021-02-24 15:51:17','Done',500000),('2021-02-24T23:09:22.135111800','11','staff_07',1,'2021-02-24 16:37:00','2021-02-24 16:47:32','Done',500000),('2021-02-24T23:09:22.135111800','2021-02-26T19:21:58.605059800','staff_02',1,'2021-02-26 12:24:57','2021-02-26 12:25:03','Done',50000),('2021-02-24T23:09:22.135111800','3','staff_07',1,'2021-02-24 16:45:42','2021-02-24 16:46:34','Done',6000),('2021-02-24T23:09:22.135111800','4','staff_02',3,'2021-02-21 08:33:44','2021-02-25 15:55:15','Done',67500),('2021-02-24T23:09:22.135111800','5','staff_07',1,'2021-02-24 16:37:33','2021-02-26 09:01:52','Done',25000),('2021-02-24T23:09:22.135111800','8','staff_07',1,'2021-02-26 09:01:59','2021-02-26 09:49:29','Done',24000),('2021-02-24T23:09:34.727253800','1','staff_07',1,'2021-02-25 20:06:40','2021-02-26 03:27:58','Done',30000),('2021-02-24T23:09:34.727253800','10','staff_02',1,'2021-02-25 20:06:39','2021-02-26 07:57:29','Done',6500),('2021-02-24T23:09:34.727253800','11','staff_02',2,'2021-02-24 16:09:41','2021-02-24 16:15:29','Done',1000000),('2021-02-24T23:09:34.727253800','12','staff_07',1,'2021-02-24 16:16:40','2021-02-26 07:57:30','Done',300000),('2021-02-24T23:09:34.727253800','7','staff_02',1,'2021-02-25 20:06:41','2021-02-26 07:57:32','Done',24000),('2021-02-24T23:36:45.886701300','9','staff_07',1,'2021-02-26 12:26:53','2021-02-26 12:28:49','Done',65000),('2021-02-26T10:11:57.825156800','2','staff_02',1,'2021-02-26 03:12:33','2021-02-26 03:13:10','Done',15000),('2021-02-26T10:11:57.825156800','6','staff_07',1,'2021-02-26 03:12:43','2021-02-26 03:14:18','Done',23400),('2021-02-26T10:11:57.825156800','7','staff_07',1,'2021-02-26 03:14:51','2021-02-26 03:15:42','Done',24000),('2021-02-26T19:33:54.339983600','1','staff_07',1,'2021-02-26 12:34:00','2021-03-29 00:22:05','Done',30000),('2021-02-26T19:33:54.339983600','10','staff_07',1,'2021-02-26 12:33:59','2021-03-29 00:22:07','Done',6500),('2021-02-26T19:33:54.339983600','2','staff_02',1,'2021-02-26 12:34:01','2021-02-26 12:34:16','Done',15000),('2021-02-26T19:33:54.339983600','2021-02-26T20:43:26.884615500','staff_07',1,'2021-02-26 13:45:47','2021-06-07 09:44:48','Done',230000),('2021-02-27T10:11:48.345373700','1','staff_02',1,'2021-02-27 08:40:07','2021-02-27 08:40:20','Done',35000),('2021-02-27T10:11:48.345373700','2','staff_02',1,'2021-02-27 08:40:08','2021-02-27 08:40:21','Done',15000),('2021-02-27T10:11:48.345373700','2021-02-26T19:25:52.659304300','staff_02',1,'2021-02-27 08:40:09','2021-02-27 08:40:23','Done',5000),('2021-02-28T17:35:21.114373100','1','staff_02',1,'2021-03-06 14:36:26','2021-03-06 14:38:27','Done',35000),('2021-02-28T17:35:21.114373100','2','staff_02',1,'2021-03-06 14:36:27','2021-03-06 14:38:28','Done',15000),('2021-02-28T17:35:21.114373100','2021-02-26T19:38:49.538049400','staff_07',1,'2021-03-06 14:36:21','2021-03-29 00:22:09','Done',15000),('2021-02-28T17:35:21.114373100','8','staff_07',1,'2021-03-15 00:10:38','2021-06-07 09:45:06','Done',24000),('2021-03-06T21:48:46.471055700','10','staff_07',2,'2021-02-21 08:33:44','2021-06-07 09:53:27','Done',13000),('2021-03-06T22:22:03.424705','1','staff_02',1,'2021-03-06 15:22:15','2021-03-06 15:23:10','Done',35000),('2021-03-06T22:22:03.424705','2021-02-26T19:38:49.538049400','staff_07',1,'2021-03-06 15:22:16','2021-03-06 15:27:03','Done',15000),('2021-03-29T19:28:13.208168300','1','staff_07',10,'2021-03-29 12:44:36','2021-06-07 10:04:19','Done',350000),('2021-03-29T19:28:13.208168300','11','staff_02',5,'2021-03-29 12:29:12','2021-06-06 09:22:22','Done',2500000),('2021-03-29T19:28:13.208168300','12','staff_07',0,'2021-03-29 12:44:44','2021-06-07 09:45:17','Done',0),('2021-03-29T19:28:13.208168300','2','staff_02',1,'2021-03-29 12:29:13','2021-06-06 09:25:27','Done',15000),('2021-03-29T19:28:13.208168300','2021-02-26T19:25:52.659304300','staff_02',1,'2021-03-29 12:29:13','2021-06-06 09:26:36','Done',5000),('2021-03-29T19:28:13.208168300','2021-02-26T19:38:49.538049400','staff_02',1,'2021-06-07 09:54:35','2021-06-07 10:03:42','Done',15000),('2021-03-29T19:28:13.208168300','2021-03-15T07:11:31.699292600','staff_07',2,'2021-06-07 09:54:15','2021-06-07 10:04:56','Done',1135780),('2021-03-29T19:28:13.208168300','5','staff_07',4,'2021-03-29 12:44:42','2021-06-07 09:45:09','Done',100000),('2021-03-29T19:28:13.208168300','9','staff_07',1,'2021-06-05 12:54:01','2021-06-07 09:53:30','Done',65000),('2021-03-29T19:28:29.448026300','12','staff_07',1,'2021-06-05 15:15:54','2021-06-07 09:53:32','Done',300000),('2021-03-29T19:28:29.448026300','2021-03-15T07:11:31.699292600','staff_07',2,'2021-06-03 17:38:04','2021-06-16 12:11:35','Done',1135780),('2021-03-29T19:28:29.448026300','4','staff_02',1,'2021-06-08 01:42:12','2021-06-08 01:43:13','Done',22500),('2021-03-29T19:28:29.448026300','9','staff_07',1,'2021-06-05 15:15:52','2021-06-07 09:53:42','Done',65000),('2021-03-29T19:28:47.567861500','10','staff_07',1,'2021-06-05 14:29:51','2021-06-07 09:53:37','Done',6500),('2021-03-29T19:28:47.567861500','12','staff_07',2,'2021-06-05 14:30:00','2021-06-07 09:53:39','Done',600000),('2021-03-29T19:28:47.567861500','5','staff_07',5,'2021-06-05 14:29:49','2021-06-07 09:45:11','Done',125000),('2021-03-29T19:28:47.567861500','9','staff_02',1,'2021-06-05 13:00:08','2021-06-06 09:29:58','Done',65000),('2021-03-29T19:43:47.631300','10','staff_02',1,'2021-03-29 12:45:14','2021-03-29 12:46:17','Done',6500),('2021-03-29T19:43:47.631300','11','staff_07',1,'2021-03-29 12:45:14','2021-03-29 12:49:01','Done',500000),('2021-03-29T19:43:47.631300','2021-02-26T20:43:26.884615500','staff_02',1,'2021-03-29 12:45:15','2021-03-29 12:46:23','Done',230000),('2021-03-29T21:03:24.807725700','1','staff_02',1,'2021-03-29 14:04:19','2021-03-29 14:05:34','Done',35000),('2021-03-29T21:03:24.807725700','13','staff_07',1,'2021-03-29 14:04:23','2021-03-29 14:07:43','Done',450000),('2021-06-04T01:38:25.053690500','10','staff_07',1,'2021-06-03 18:38:33','2021-06-07 09:53:45','Done',6500),('2021-06-08T08:33:56.392071200','1','staff_02',1,'2021-06-10 05:43:43',NULL,'Prepare',35000),('2021-06-08T08:33:56.392071200','12','staff_07',1,'2021-06-10 14:38:13',NULL,'ToDo',300000),('2021-06-08T08:33:56.392071200','2','staff_02',1,'2021-06-10 05:43:41',NULL,'Prepare',15000),('2021-06-08T08:33:56.392071200','2021-03-06T21:41:50.021006800','staff_02',1,'2021-06-10 05:43:40',NULL,'Prepare',30000),('2021-06-08T08:33:56.392071200','2021-03-15T07:11:31.699292600','staff_07',1,'2021-06-10 05:43:38','2021-06-11 08:09:15','Done',567890),('2021-06-10T12:44:00.511652200','3','staff_07',1,'2021-06-10 05:44:09','2021-06-11 08:09:11','Done',6000),('2021-06-10T12:44:00.511652200','4','staff_02',1,'2021-06-10 05:44:08','2021-06-10 05:44:21','Done',22500),('2021-06-10T12:44:00.511652200','7','staff_07',1,'2021-06-10 05:44:11',NULL,'ToDo',24000);
INSERT INTO `ticketcheckoutroom` (`idticketcheckoutroom`, `idticketbooking`, `timeendrent`, `idstaffreceptionsupport`, `numberroomrent`, `sumaryratesandservices`, `status`, `raterentroom`, `rateservices`, `roomsubcharge`, `roomdamaged`, `timerent`) VALUES ('2021-02-23T22:17:54.017793300','2021-02-21T23:57:19.711801','2021-02-23 15:17:42','staff_02',3,3748409,'Off',NULL,2329500,0,568909,'Time rent room: 1:22:20'),('2021-02-24T00:36:34.841440500','2021-02-23T22:19:25.351705700','2021-02-23 17:36:29','staff_07',3,498500,'Off',NULL,48400,100,0,'Time rent room: 0:2:17'),('2021-02-24T01:10:53.682290','2021-02-24T01:08:42.530350800','2021-02-23 18:10:45','staff_07',7,1130200,'Off',NULL,980000,200,0,'Time rent room: 0:0:2'),('2021-02-24T20:50:14.065531900','2021-02-21T16:31:01.102493100','2021-02-24 13:50:12','staff_07',10,4707000,'Off',NULL,157000,0,0,'Time rent room: 3:4:19'),('2021-02-24T22:31:56.176249600','2021-02-23T00:10:39.172618600','2021-02-24 15:31:47','staff_07',8,1771800,'Off',NULL,621800,0,300000,'Time rent room: 1:22:21'),('2021-02-24T22:50:42.685980400','2021-02-24T22:33:05.023939500','2021-02-24 15:47:10','staff_07',1,981500,'Off',NULL,831500,50000,0,'Time rent room: 0:0:14'),('2021-02-24T22:57:02.604782200','2021-02-24T22:50:58.768480400','2021-02-24 15:52:30','staff_07',2,713000,'Off',NULL,513000,100000,0,'Time rent room: 0:0:1'),('2021-02-24T23:02:58.920792800','2021-02-24T22:51:57.123853200','2021-02-24 16:00:43','staff_07',10,550000,'Off',NULL,0,0,0,'Time rent room: 0:0:8'),('2021-02-24T23:08:54.414656500','2021-02-24T23:06:44.813961600','2021-02-24 16:07:55','staff_07',4,650000,'Off',150000,0,0,500000,'Time rent room: 0:0:1'),('2021-02-26T10:17:34.846010100','2021-02-26T10:11:57.825156800','2021-02-26 03:17:23','staff_07',3,312400,'Off',150000,62400,0,100000,'Time rent room: 0:0:5'),('2021-02-26T14:57:44.225698300','2021-02-24T23:09:34.727253800','2021-02-26 07:57:34','staff_07',9,4160500,'Off',2500000,1360500,0,300000,'Time rent room: 1:15:47'),('2021-02-26T19:31:50.488968600','2021-02-24T23:36:45.886701300','2021-02-26 12:31:37','staff_07',7,1415000,'Off',850000,65000,0,500000,'Time rent room: 1:19:54'),('2021-02-26T19:33:37.097728600','2021-02-24T23:09:22.135111800','2021-02-26 12:33:27','staff_07',5,1522500,'Off',850000,672500,0,0,'Time rent room: 1:20:24'),('2021-02-27T10:09:04.695105200','2021-02-24T23:47:56.480227600','2021-02-27 03:09:01','staff_07',10,4000000,'Off',3500000,0,0,500000,'Time rent room: 2:10:21'),('2021-02-27T10:11:30.387460600','2021-02-26T19:33:54.339983600','2021-02-27 03:11:29','staff_07',1,811500,'Off',350000,281500,180000,0,'Time rent room: 0:14:37'),('2021-02-28T17:34:20.315118500','2021-02-27T10:11:39.949310300','2021-02-28 10:34:18','staff_07',2,890000,'Off',600000,0,90000,200000,'Time rent room: 1:7:22'),('2021-02-28T17:34:54.341007100','2021-02-27T10:11:48.345373700','2021-02-28 10:34:53','staff_07',6,1402890,'Off',600000,55000,180000,567890,'Time rent room: 1:7:23'),('2021-03-06T21:46:43.990799800','2021-02-28T17:36:50.987915600','2021-03-06 14:46:42','staff_07',1,2030000,'Off',1850000,0,180000,0,'Time rent room: 6:4:9'),('2021-03-06T21:46:53.000763200','2021-02-28T17:37:01.773682200','2021-03-06 14:46:52','staff_07',5,2600000,'Off',2600000,0,0,0,'Time rent room: 6:4:9'),('2021-03-06T21:48:35.416265300','2021-02-28T17:35:40.113639800','2021-03-06 14:48:34','staff_07',9,8000000,'Off',7500000,0,0,500000,'Time rent room: 6:4:12'),('2021-03-29T07:22:55.072083300','2021-03-06T21:48:46.471055700','2021-03-29 00:22:54','staff_07',2,6043000,'Off',5850000,13000,180000,0,'Time rent room: 22:9:34'),('2021-03-29T07:22:59.581980500','2021-02-28T17:35:27.463565700','2021-03-29 00:22:59','staff_07',4,10300000,'Off',10300000,0,0,0,'Time rent room: 28:13:47'),('2021-03-29T07:23:04.114036300','2021-03-06T22:22:03.424705','2021-03-29 00:23:03','staff_07',6,6170000,'Off',5850000,50000,270000,0,'Time rent room: 22:9:1'),('2021-03-29T07:23:08.014971500','2021-03-06T21:48:56.180230100','2021-03-29 00:23:07','staff_07',7,8200000,'Off',8200000,0,0,0,'Time rent room: 22:9:34'),('2021-03-29T07:23:12.353448200','2021-02-28T17:35:21.114373100','2021-03-29 00:23:11','staff_07',10,29589000,'Off',29500000,89000,0,0,'Time rent room: 28:13:47'),('2021-03-29T19:52:48.029580400','2021-03-29T19:43:47.631300','2021-03-29 12:52:26','staff_07',9,1736500,'Off',500000,736500,0,500000,'Time rent room: 0:0:8'),('2021-03-29T21:11:31.987832','2021-03-29T21:03:24.807725700','2021-03-29 14:11:14','staff_07',9,1735000,'Off',500000,485000,0,750000,'Time rent room: 0:0:7'),('2021-06-07T19:42:16.240613200','2021-03-29T19:28:13.208168300','2021-06-07 12:40:25','staff_07',1,22178102,'Off',17600000,4185780,360000,32322,'Time rent room: 70:0:12'),('2021-06-07T20:02:22.091567900','2021-03-29T19:28:47.567861500','2021-06-07 13:02:18','staff_07',10,72296499,'Off',70500000,796500,0,999999,'Time rent room: 70:0:33'),('2021-06-07T20:47:38.559852400','2021-06-04T01:38:25.053690500','2021-06-07 13:47:37','staff_02',4,1626500,'Clean',1550000,6500,70000,0,'Time rent room: 3:19:9');
INSERT INTO `checkingoutroomdamaged` (`idcheckingoutroomdamaded`, `idcheckoutroom`, `listproductdamaded`, `sumaryindemnify`, `idstaffchecking`, `idticketbooking`, `status`) VALUES ('1614056889522','2021-02-24T22:31:56.176249600','sdfdsfdsfdsf',2323232,'staff_07','2021-02-23T00:10:39.172618600','Done'),('1614056894197','2021-02-24T20:50:14.065531900','',0,'staff_07','2021-02-21T16:31:01.102493100','Done'),('1614056898819','2021-02-23T22:17:54.017793300','abc list',568909,'staff_04','2021-02-21T23:57:19.711801','Done'),('1614093574043','2021-02-24T00:36:34.841440500','',0,'staff_07','2021-02-23T22:19:25.351705700','Done'),('1614103818618','2021-02-24T01:10:53.682290','',0,'staff_07','2021-02-24T01:08:42.530350800','Done'),('1614181601954','2021-02-24T22:50:42.685980400','0',0,'staff_07','2021-02-24T22:33:05.023939500','Done'),('1614181862387','2021-02-24T22:57:02.604782200','0',0,'staff_07','2021-02-24T22:50:58.768480400','Done'),('1614182425493','2021-02-24T23:02:58.920792800','0',0,'staff_07','2021-02-24T22:51:57.123853200','Done'),('1614182809009','2021-02-24T23:08:54.414656500','tivi, quat',500000,'staff_07','2021-02-24T23:06:44.813961600','Done'),('1614184921155','2021-02-26T19:33:37.097728600','0',0,'staff_07','2021-02-24T23:09:22.135111800','Done'),('1614185356585','2021-02-26T14:57:44.225698300','tivi, quat',300000,'staff_07','2021-02-24T23:09:34.727253800','Done'),('1614185729389','2021-02-26T19:31:50.488968600','tivi, quat',500000,'staff_07','2021-02-24T23:36:45.886701300','Done'),('1614255215758','2021-02-27T10:09:04.695105200','tivi, quat',500000,'staff_07','2021-02-24T23:47:56.480227600','Done'),('1614309355772','2021-02-26T10:17:34.846010100','tivi',100000,'staff_07','2021-02-26T10:11:57.825156800','Done'),('1614342871795','2021-02-27T10:11:30.387460600','0',0,'staff_07','2021-02-26T19:33:54.339983600','Done'),('1614415231520','2021-02-28T17:34:20.315118500','tivi',200000,'staff_07','2021-02-27T10:11:39.949310300','Done'),('1614415240787','2021-02-28T17:34:54.341007100','tivi, quat',567890,'staff_07','2021-02-27T10:11:48.345373700','Done'),('1615041348397','2021-03-06T21:46:53.000763200','0',0,'staff_07','2021-02-28T17:37:01.773682200','Done'),('1615041599960','2021-03-06T21:46:43.990799800','0',0,'staff_07','2021-02-28T17:36:50.987915600','Done'),('1615041845794','2021-03-29T07:22:59.581980500','0',0,'staff_07','2021-02-28T17:35:27.463565700','Done'),('1615041853378','2021-03-06T21:48:35.416265300','tivi, quat',500000,'staff_07','2021-02-28T17:35:40.113639800','Done'),('1615041860581','2021-03-29T07:23:12.353448200','0',0,'staff_07','2021-02-28T17:35:21.114373100','Done'),('1615044286838','2021-03-29T07:23:04.114036300','0',0,'staff_07','2021-03-06T22:22:03.424705','Done'),('1615045366020','2021-03-29T07:22:55.072083300','0',0,'staff_07','2021-03-06T21:48:46.471055700','Done'),('1616977247141','2021-03-29T07:23:08.014971500','0',0,'staff_07','2021-03-06T21:48:56.180230100','Done'),('1617022176462','2021-03-29T19:52:48.029580400','tivi, quat',500000,'staff_07','2021-03-29T19:43:47.631300','Done'),('1617026900524','2021-03-29T21:11:31.987832','tivi, quat',750000,'staff_07','2021-03-29T21:03:24.807725700','Done'),('1623057245325','2021-06-07T20:47:38.559852400','',0,'staff_07','2021-06-04T01:38:25.053690500','Done'),('1623057248584',NULL,'dfdsfsdfdsf',4444,'staff_07','2021-03-29T19:28:29.448026300','ToDo'),('1623057255435','2021-06-07T20:02:22.091567900','ssss',999999,'staff_07','2021-03-29T19:28:47.567861500','Done'),('1623069566236','2021-06-07T19:42:16.240613200','sdfdsfdsfdsf',32322,'staff_07','2021-03-29T19:28:13.208168300','Done');